year,age,n
1952,0,1844.514
1953,0,1844.668
1954,0,1844.641
1955,0,1844.452
1956,0,1844.157
1957,0,1843.91
1958,0,1843.763
1959,0,1843.481
1960,0,1843.162
1961,0,1842.959
1962,0,1842.623
1963,0,1842.299
1964,0,1841.876
1965,0,1841.719
1966,0,1841.188
1967,0,1840.542
1968,0,1840.027
1969,0,1827.463
1970,0,1824.063
1971,0,1820.249
1972,0,1814.7
1973,0,1808.549
1974,0,1802.021
1975,0,1794.738
1976,0,1786.034
1977,0,1775.047
1978,0,1763.424
1979,0,1753.862
1980,0,1743.445
1981,0,1740.18
1982,0,1745.644
1983,0,1726.11
1984,0,1886.901
1985,0,1708.91
1986,0,1613.135
1987,0,1755.345
1988,0,1900.527
1989,0,2046.476
1990,0,3063.717
1991,0,1748.514
1992,0,2244.936
1993,0,2032.293
1994,0,2215.381
1995,0,1422.108
1996,0,1037.007
1997,0,1761.045
1998,0,2082.372
1999,0,832.991
2000,0,1223.323
2001,0,2172.498
2002,0,1208.674
2003,0,1572.46
2004,0,1829.685
2005,0,2044.627
2006,0,2667.874
2007,0,1230.396
2008,0,2654.728
2009,0,2513.731
2010,0,2345.914
2011,0,1683.896
2012,0,1954.883
2013,0,1622.582
2014,0,622.958
2015,0,1334.963
2016,0,727.9608
2017,0,1184.992
2018,0,1218.366
2019,0,2402.479
2020,0,1476.487
2021,0,853.466
2022,0,1727.402
2023,0,1728.651
1952,1,932.092
1953,1,932.07
1954,1,932.136
1955,1,931.958
1956,1,931.885
1957,1,931.758
1958,1,931.531
1959,1,931.412
1960,1,931.344
1961,1,931.208
1962,1,930.897
1963,1,930.785
1964,1,930.389
1965,1,930.536
1966,1,930.177
1967,1,929.884
1968,1,929.557
1969,1,929.366
1970,1,923.156
1971,1,921.316
1972,1,919.25
1973,1,916.542
1974,1,913.492
1975,1,909.917
1976,1,906.222
1977,1,901.549
1978,1,896.517
1979,1,890.555
1980,1,885.267
1981,1,879.926
1982,1,878.078
1983,1,881.2
1984,1,871.619
1985,1,952.456
1986,1,862.356
1987,1,814.338
1988,1,885.995
1989,1,958.485
1990,1,1032.742
1991,1,1545.875
1992,1,882.666
1993,1,1132.888
1994,1,1025.735
1995,1,1117.471
1996,1,717.5908
1997,1,523.1617
1998,1,888.138
1999,1,1048.718
2000,1,419.3318
2001,1,615.9956
2002,1,1092.816
2003,1,606.405
2004,1,790.359
2005,1,917.798
2006,1,1028.341
2007,1,1339.317
2008,1,618.5427
2009,1,1332.361
2010,1,1260.62
2011,1,1179.164
2012,1,844.149
2013,1,980.678
2014,1,813.331
2015,1,311.8547
2016,1,667.6227
2017,1,364.1533
2018,1,592.4208
2019,1,608.5109
2020,1,1203.043
2021,1,741.86
2022,1,428.8348
2023,1,866.712
1952,2,599.459
1953,2,599.404
1954,2,599.3189
1955,2,598.7298
1956,2,598.5276
1957,2,598.6396
1958,2,598.5049
1959,2,597.9184
1960,2,597.8737
1961,2,598.1648
1962,2,597.4708
1963,2,597.1944
1964,2,596.384
1965,2,597.276
1966,2,595.7443
1967,2,595.3405
1968,2,595.7214
1969,2,594.463
1970,2,595.3563
1971,2,591.2399
1972,2,588.7945
1973,2,587.5617
1974,2,586.2667
1975,2,583.209
1976,2,582.2341
1977,2,578.0381
1978,2,578.0815
1979,2,574.231
1980,2,568.8057
1981,2,564.8102
1982,2,560.796
1983,2,559.9814
1984,2,563.5801
1985,2,556.5605
1986,2,606.8286
1987,2,550.328
1988,2,519.4944
1989,2,562.6946
1990,2,610.234
1991,2,658.1147
1992,2,986.781
1993,2,562.5403
1994,2,722.994
1995,2,652.5673
1996,2,712.884
1997,2,456.1774
1998,2,331.1461
1999,2,558.721
2000,2,657.3805
2001,2,262.4685
2002,2,383.17
2003,2,675.355
2004,2,376.6512
2005,2,486.8446
2006,2,572.3345
2007,2,635.7568
2008,2,831.389
2009,2,383.2905
2010,2,825.503
2011,2,787.659
2012,2,728.942
2013,2,522.2847
2014,2,606.2921
2015,2,499.7892
2016,2,190.9621
2017,2,410.2993
2018,2,223.176
2019,2,360.5324
2020,2,374.5732
2021,2,750.679
2022,2,462.9616
2023,2,266.626
1952,3,419.1565
1953,3,419.0938
1954,3,418.9727
1955,3,418.1886
1956,3,417.4443
1957,3,417.5225
1958,3,417.7502
1959,3,417.048
1960,3,416.4672
1961,3,416.9668
1962,3,416.3621
1963,3,415.9993
1964,3,414.921
1965,3,415.6699
1966,3,414.4806
1967,3,412.9827
1968,3,413.354
1969,3,412.4123
1970,3,412.5038
1971,3,413.2721
1972,3,408.6076
1973,3,406.903
1974,3,406.673
1975,3,404.6405
1976,3,404.1696
1977,3,401.2803
1978,3,401.9314
1979,3,401.403
1980,3,396.5529
1981,3,392.169
1982,3,388.267
1983,3,385.8876
1984,3,387.4141
1985,3,389.1602
1986,3,382.8994
1987,3,417.9752
1988,3,378.9958
1989,3,354.8578
1990,3,386.2873
1991,3,419.8695
1992,3,454.0096
1993,3,678.75
1994,3,387.9766
1995,3,495.8011
1996,3,449.9358
1997,3,488.3274
1998,3,310.0557
1999,3,222.7808
2000,3,373.636
2001,3,437.0505
2002,3,172.6219
2003,3,249.8155
2004,3,441.7247
2005,3,243.3234
2006,3,320.4763
2007,3,370.0343
2008,3,411.5723
2009,3,541.0825
2010,3,250.9196
2011,3,547.0494
2012,3,513.361
2013,3,474.5903
2014,3,340.24
2015,3,391.2684
2016,3,320.6991
2017,3,123.6546
2018,3,264.6313
2019,3,141.8019
2020,3,233.4819
2021,3,247.0207
2022,3,495.7604
2023,3,304.7737
1952,4,306.4313
1953,4,306.3804
1954,4,306.2636
1955,4,305.5699
1956,4,304.6355
1957,4,304.305
1958,4,304.5617
1959,4,304.1899
1960,4,303.4703
1961,4,303.5143
1962,4,303.1779
1963,4,302.9136
1964,4,301.9312
1965,4,302.2179
1966,4,301.3158
1967,4,300.0066
1968,4,299.4236
1969,4,298.7424
1970,4,298.7206
1971,4,299.0245
1972,4,297.8738
1973,4,294.4983
1974,4,293.931
1975,4,292.8327
1976,4,292.7965
1977,4,290.5706
1978,4,291.4246
1979,4,291.5642
1980,4,289.2164
1981,4,285.2284
1982,4,280.8725
1983,4,278.3888
1984,4,278.5435
1985,4,279.1407
1986,4,279.3162
1987,4,274.8499
1988,4,300.0428
1989,4,269.5873
1990,4,253.9785
1991,4,277.2089
1992,4,302.2103
1993,4,325.6863
1994,4,488.6273
1995,4,277.5
1996,4,356.8623
1997,4,321.4888
1998,4,345.788
1999,4,217.202
2000,4,155.0861
2001,4,258.1403
2002,4,298.3853
2003,4,116.833
2004,4,169.08
2005,4,295.1873
2006,4,165.5989
2007,4,213.5664
2008,4,245.8379
2009,4,276.4505
2010,4,367.3803
2011,4,172.5135
2012,4,369.6544
2013,4,345.9337
2014,4,320.3299
2015,4,227.5033
2016,4,259.9114
2017,4,215.59
2018,4,82.7699
2019,4,174.0633
2020,4,95.1206
2021,4,159.2436
2022,4,168.9648
2023,4,338.2674
1952,5,230.142
1953,5,230.1054
1954,5,230.0124
1955,5,229.4606
1956,5,228.6631
1957,5,228.1315
1958,5,228.0554
1959,5,227.827
1960,5,227.3909
1961,5,227.1935
1962,5,226.7124
1963,5,226.5695
1964,5,225.858
1965,5,225.9134
1966,5,225.0112
1967,5,223.9941
1968,5,223.4018
1969,5,222.1985
1970,5,222.1619
1971,5,222.3583
1972,5,221.1448
1973,5,220.2818
1974,5,218.4143
1975,5,217.2708
1976,5,217.637
1977,5,216.1407
1978,5,216.7807
1979,5,217.1792
1980,5,215.7739
1981,5,213.648
1982,5,209.7107
1983,5,206.7118
1984,5,206.3433
1985,5,206.1072
1986,5,205.8013
1987,5,205.8426
1988,5,202.5728
1989,5,219.1897
1990,5,198.1635
1991,5,187.2101
1992,5,204.9216
1993,5,222.6159
1994,5,240.8794
1995,5,359.1231
1996,5,205.242
1997,5,261.9625
1998,5,233.7016
1999,5,248.816
2000,5,155.3805
2001,5,110.1316
2002,5,181.1921
2003,5,207.7887
2004,5,81.246
2005,5,116.2498
2006,5,206.2805
2007,5,113.4494
2008,5,145.5993
2009,5,169.8844
2010,5,193.4575
2011,5,259.9063
2012,5,120.1297
2013,5,256.5367
2014,5,240.5488
2015,5,220.9286
2016,5,155.8946
2017,5,180.2329
2018,5,148.9307
2019,5,56.2361
2020,5,120.2954
2021,5,66.7196
2022,5,112.0468
2023,5,118.6543
1952,6,175.9189
1953,6,175.8933
1954,6,175.824
1955,6,175.4027
1956,6,174.7871
1957,6,174.3025
1958,6,174.0339
1959,6,173.6559
1960,6,173.3751
1961,6,173.2803
1962,6,172.7675
1963,6,172.4475
1964,6,171.9828
1965,6,172.0111
1966,6,171.1923
1967,6,170.259
1968,6,169.7799
1969,6,168.6981
1970,6,168.131
1971,6,168.2794
1972,6,167.2335
1973,6,166.3158
1974,6,166.2479
1975,6,164.2787
1976,6,164.374
1977,6,163.5296
1978,6,164.1692
1979,6,164.4673
1980,6,163.6497
1981,6,162.2854
1982,6,159.9116
1983,6,157.0938
1984,6,155.9561
1985,6,155.4242
1986,6,154.7392
1987,6,154.4106
1988,6,154.455
1989,6,150.7497
1990,6,164.0756
1991,6,148.7488
1992,6,140.8941
1993,6,153.6654
1994,6,167.6701
1995,6,180.3617
1996,6,270.5314
1997,6,153.4507
1998,6,193.8498
1999,6,171.3115
2000,6,181.4264
2001,6,112.5602
2002,6,78.9082
2003,6,128.8974
2004,6,147.519
2005,6,57.122
2006,6,82.9147
2007,6,144.5187
2008,6,79.0712
2009,6,102.9769
2010,6,121.7224
2011,6,139.8942
2012,6,185.3633
2013,6,85.363
2014,6,182.6356
2015,6,170.071
2016,6,155.2478
2017,6,110.7417
2018,6,127.6395
2019,6,103.9293
2020,6,39.79424
2021,6,86.2657
2022,6,47.9856
2023,6,80.4693
1952,7,136.1143
1953,7,136.0965
1954,7,136.0462
1955,7,135.73
1956,7,135.2682
1957,7,134.8826
1958,7,134.6156
1959,7,134.1661
1960,7,133.8034
1961,7,133.7523
1962,7,133.4222
1963,7,133.0381
1964,7,132.5459
1965,7,132.5989
1966,7,131.9622
1967,7,131.1536
1968,7,130.6568
1969,7,129.7811
1970,7,129.1956
1971,7,128.9091
1972,7,128.0408
1973,7,127.2449
1974,7,127.0699
1975,7,126.581
1976,7,125.8372
1977,7,125.0636
1978,7,125.7728
1979,7,126.1195
1980,7,125.5197
1981,7,124.6552
1982,7,123.0192
1983,7,121.3057
1984,7,120.0086
1985,7,118.9503
1986,7,118.2035
1987,7,117.5921
1988,7,117.3515
1989,7,116.4886
1990,7,114.3222
1991,7,124.7669
1992,7,113.3752
1993,7,106.9921
1994,7,117.2379
1995,7,127.2282
1996,7,137.6454
1997,7,204.9416
1998,7,115.0302
1999,7,144.0504
2000,7,126.6952
2001,7,133.406
2002,7,81.9232
2003,7,57.0596
2004,7,92.9723
2005,7,105.5262
2006,7,41.38855
2007,7,59.1065
2008,7,102.4828
2009,7,56.9434
2010,7,75.1179
2011,7,89.4918
2012,7,101.6455
2013,7,134.1761
2014,7,61.886
2015,7,131.6302
2016,7,121.859
2017,7,112.3288
2018,7,79.9421
2019,7,90.949
2020,7,74.9025
2021,7,29.02649
2022,7,63.086
2023,7,35.05834
1952,8,106.2379
1953,8,106.2254
1954,8,106.1893
1955,8,105.954
1956,8,105.6104
1957,8,105.3158
1958,8,105.0986
1959,8,104.7088
1960,8,104.3103
1961,8,104.1446
1962,8,103.9207
1963,8,103.6589
1964,8,103.1897
1965,8,103.1054
1966,8,102.65
1967,8,102.0251
1968,8,101.5604
1969,8,100.7808
1970,8,100.2698
1971,8,99.9404
1972,8,98.9246
1973,8,98.2625
1974,8,98.1058
1975,8,97.6392
1976,8,97.8473
1977,8,96.6363
1978,8,97.0662
1979,8,97.5098
1980,8,97.1625
1981,8,96.5143
1982,8,95.3883
1983,8,94.2044
1984,8,93.5262
1985,8,92.3815
1986,8,91.3383
1987,8,90.6865
1988,8,90.2257
1989,8,89.4057
1990,8,89.2064
1991,8,87.7751
1992,8,95.9955
1993,8,86.9064
1994,8,82.4105
1995,8,89.8519
1996,8,98.0345
1997,8,105.3128
1998,8,155.1794
1999,8,86.3987
2000,8,107.7261
2001,8,94.2646
2002,8,98.3107
2003,8,60.0172
2004,8,41.67758
2005,8,67.4297
2006,8,77.4246
2007,8,29.91326
2008,8,42.4924
2009,8,74.8524
2010,8,42.118
2011,8,55.9406
2012,8,65.9685
2013,8,74.6627
2014,8,98.6746
2015,8,45.2801
2016,8,95.7622
2017,8,89.44
2018,8,82.3124
2019,8,57.9043
2020,8,66.5016
2021,8,55.369
2022,8,21.50539
2023,8,46.7099
1952,9,83.4575
1953,9,83.4484
1954,9,83.422
1955,9,83.2475
1956,9,82.9929
1957,9,82.7707
1958,9,82.6036
1959,9,82.297
1960,9,81.9575
1961,9,81.7288
1962,9,81.465
1963,9,81.2785
1964,9,80.9545
1965,9,80.8055
1966,9,80.3683
1967,9,79.9157
1968,9,79.5459
1969,9,78.8817
1970,9,78.3856
1971,9,78.0898
1972,9,77.1962
1973,9,76.4199
1974,9,76.2914
1975,9,75.9179
1976,9,75.9994
1977,9,75.6807
1978,9,75.5157
1979,9,75.7756
1980,9,75.6625
1981,9,75.2496
1982,9,74.3922
1983,9,73.5814
1984,9,73.1464
1985,9,72.5059
1986,9,71.4645
1987,9,70.5919
1988,9,70.0965
1989,9,69.2856
1990,9,68.9875
1991,9,69.0011
1992,9,68.0247
1993,9,74.1213
1994,9,67.4297
1995,9,63.6485
1996,9,69.7467
1997,9,75.5891
1998,9,80.3871
1999,9,117.57
2000,9,65.1978
2001,9,80.919
2002,9,70.1732
2003,9,72.7923
2004,9,44.29063
2005,9,30.56864
2006,9,49.983
2007,9,56.5852
2008,9,21.74683
2009,9,31.38786
2010,9,55.9705
2011,9,31.68613
2012,9,41.70719
2013,9,49.0222
2014,9,55.5432
2015,9,73.0806
2016,9,33.34602
2017,9,71.0937
2018,9,66.3287
2019,9,60.4077
2020,9,42.83755
2021,9,49.6863
2022,9,41.45451
2023,9,16.09434
1952,10,65.8865
1953,10,65.8798
1954,10,65.8605
1955,10,65.7301
1956,10,65.5413
1957,10,65.3754
1958,10,65.2494
1959,10,65.0154
1960,10,64.7497
1961,10,64.5429
1962,10,64.2639
1963,10,64.0432
1964,10,63.8128
1965,10,63.719
1966,10,63.323
1967,10,62.9082
1968,10,62.6395
1969,10,62.119
1970,10,61.6732
1971,10,61.3685
1972,10,60.6299
1973,10,59.9454
1974,10,59.6595
1975,10,59.3679
1976,10,59.4113
1977,10,59.1147
1978,10,59.4524
1979,10,59.2678
1980,10,59.1281
1981,10,58.9295
1982,10,58.3341
1983,10,57.7193
1984,10,57.4513
1985,10,57.023
1986,10,56.4172
1987,10,55.5533
1988,10,54.8829
1989,10,54.1677
1990,10,53.7839
1991,10,53.6749
1992,10,53.7806
1993,10,52.8269
1994,10,57.8406
1995,10,52.3958
1996,10,49.692
1997,10,54.1096
1998,10,58.0773
1999,10,61.3361
2000,10,89.3748
2001,10,49.35658
2002,10,60.74
2003,10,52.41495
2004,10,54.1768
2005,10,32.78821
2006,10,22.85225
2007,10,36.86829
2008,10,41.51841
2009,10,16.21184
2010,10,23.67478
2011,10,42.45293
2012,10,23.83915
2013,10,31.28276
2014,10,36.80584
2015,10,41.54892
2016,10,54.3632
2017,10,24.98748
2018,10,53.2378
2019,10,49.1957
2020,10,45.11967
2021,10,32.2862
2022,10,37.5182
2023,10,31.29671
1952,11,52.2171
1953,11,52.2121
1954,11,52.1976
1955,11,52.0994
1956,11,51.9589
1957,11,51.8354
1958,11,51.7416
1959,11,51.5644
1960,11,51.362
1961,11,51.1967
1962,11,50.9593
1963,11,50.7251
1964,11,50.4917
1965,11,50.43
1966,11,50.1447
1967,11,49.7795
1968,11,49.5172
1969,11,49.1282
1970,11,48.7698
1971,11,48.487
1972,11,47.8452
1973,11,47.27865
1974,11,47.00346
1975,11,46.63364
1976,11,46.65957
1977,11,46.4206
1978,11,46.63335
1979,11,46.85863
1980,11,46.45338
1981,11,46.259
1982,11,45.89294
1983,11,45.47182
1984,11,45.26715
1985,11,44.98698
1986,11,44.57851
1987,11,44.06141
1988,11,43.39327
1989,11,42.62625
1990,11,42.25033
1991,11,42.04227
1992,11,42.02722
1993,11,41.95891
1994,11,41.41223
1995,11,45.16454
1996,11,41.09525
1997,11,38.74103
1998,11,41.79553
1999,11,44.56948
2000,11,46.90646
2001,11,68.0911
2002,11,37.30189
2003,11,45.69708
2004,11,39.28877
2005,11,40.41973
2006,11,24.68642
2007,11,16.98722
2008,11,27.26262
2009,11,31.18563
2010,11,12.31485
2011,11,18.07661
2012,11,32.17402
2013,11,18.01638
2014,11,23.66267
2015,11,27.75482
2016,11,31.16861
2017,11,41.05345
2018,11,18.86183
2019,11,39.83201
2020,11,37.03616
2021,11,34.25274
2022,11,24.55197
2023,11,28.52922
1952,12,41.51335
1953,12,41.5096
1954,12,41.49846
1955,12,41.4237
1956,12,41.31832
1957,12,41.22622
1958,12,41.15685
1959,12,41.02327
1960,12,40.87041
1961,12,40.74326
1962,12,40.55629
1963,12,40.35483
1964,12,40.12671
1965,12,40.0327
1966,12,39.82254
1967,12,39.55726
1968,12,39.3172
1969,12,38.97274
1970,12,38.70176
1971,12,38.47304
1972,12,37.93103
1973,12,37.43753
1974,12,37.20386
1975,12,36.87458
1976,12,36.77945
1977,12,36.59152
1978,12,36.7438
1979,12,36.8813
1980,12,36.86059
1981,12,36.47568
1982,12,36.16094
1983,12,35.91068
1984,12,35.79153
1985,12,35.57527
1986,12,35.30346
1987,12,34.9496
1988,12,34.54885
1989,12,33.84236
1990,12,33.37766
1991,12,33.1528
1992,12,33.04241
1993,12,32.9141
1994,12,33.01513
1995,12,32.46526
1996,12,35.55676
1997,12,32.16725
1998,12,30.05382
1999,12,32.22649
2000,12,34.25194
2001,12,35.9234
2002,12,51.75262
2003,12,28.23258
2004,12,34.45841
2005,12,29.50526
2006,12,30.61684
2007,12,18.47407
2008,12,12.64516
2009,12,20.6079
2010,12,23.82837
2011,12,9.45493
2012,12,13.78221
2013,12,24.4665
2014,12,13.71162
2015,12,17.96169
2016,12,20.96461
2017,12,23.692
2018,12,31.19844
2019,12,14.21559
2020,12,30.18614
2021,12,28.28674
2022,12,26.2022
2023,12,18.78244
1952,13,33.08881
1953,13,33.0859
1954,13,33.07744
1955,13,33.01989
1956,13,32.9401
1957,13,32.87112
1958,13,32.81983
1959,13,32.71922
1960,13,32.60427
1961,13,32.50785
1962,13,32.36436
1963,13,32.20326
1964,13,32.0121
1965,13,31.90032
1966,13,31.70134
1967,13,31.50503
1968,13,31.33195
1969,13,31.03441
1970,13,30.7883
1971,13,30.61704
1972,13,30.18297
1973,13,29.76525
1974,13,29.54702
1975,13,29.27502
1976,13,29.16687
1977,13,28.93153
1978,13,29.04564
1979,13,29.14245
1980,13,29.09989
1981,13,29.03109
1982,13,28.60237
1983,13,28.38552
1984,13,28.3512
1985,13,28.21348
1986,13,28.00637
1987,13,27.76657
1988,13,27.49262
1989,13,27.0377
1990,13,26.58504
1991,13,26.27367
1992,13,26.13706
1993,13,25.95978
1994,13,25.97892
1995,13,25.96813
1996,13,25.63863
1997,13,27.92479
1998,13,25.04295
1999,13,23.26334
2000,13,24.86728
2001,13,26.34616
2002,13,27.43323
2003,13,39.36779
2004,13,21.39774
2005,13,26.02289
2006,13,22.46636
2007,13,23.04865
2008,13,13.83348
2009,13,9.61056
2010,13,15.82451
2011,13,18.38044
2012,13,7.24535
2013,13,10.53486
2014,13,18.71577
2015,13,10.46544
2016,13,13.64526
2017,13,16.02229
2018,13,18.10803
2019,13,23.66165
2020,13,10.83411
2021,13,23.17527
2022,13,21.74766
2023,13,20.14803
1952,14,26.43133
1953,14,26.42908
1954,14,26.42251
1955,14,26.37791
1956,14,26.31705
1957,14,26.26494
1958,14,26.22676
1959,14,26.15072
1960,14,26.06433
1961,14,25.99186
1962,14,25.88263
1963,14,25.75687
1964,14,25.60574
1965,14,25.50703
1966,14,25.32116
1967,14,25.14091
1968,14,25.01396
1969,14,24.7918
1970,14,24.5757
1971,14,24.41505
1972,14,24.07827
1973,14,23.74323
1974,14,23.55058
1975,14,23.30952
1976,14,23.21303
1977,14,23.00269
1978,14,23.02052
1979,14,23.09237
1980,14,23.0527
1981,14,22.97803
1982,14,22.8255
1983,14,22.51261
1984,14,22.46754
1985,14,22.40596
1986,14,22.27051
1987,14,22.08756
1988,14,21.90194
1989,14,21.57919
1990,14,21.29765
1991,14,20.98303
1992,14,20.7683
1993,14,20.58993
1994,14,20.54408
1995,14,20.49167
1996,14,20.56215
1997,14,20.19219
1998,14,21.80573
1999,14,19.44815
2000,14,18.01216
2001,14,19.19789
2002,14,20.20071
2003,14,20.95807
2004,14,29.96875
2005,14,16.23795
2006,14,19.90484
2007,14,17.00243
2008,14,17.35198
2009,14,10.56449
2010,14,7.4117
2011,14,12.25618
2012,14,14.14659
2013,14,5.5629
2014,14,8.09361
2015,14,14.3512
2016,14,7.9891
2017,14,10.47662
2018,14,12.30493
2019,14,13.80896
2020,14,18.12264
2021,14,8.3558
2022,14,17.89648
2023,14,16.79684
1952,15,21.15286
1953,15,21.1511
1954,15,21.14598
1955,15,21.11117
1956,15,21.06444
1957,15,21.02479
1958,15,20.9961
1959,15,20.93827
1960,15,20.87313
1961,15,20.81886
1962,15,20.7361
1963,15,20.63868
1964,15,20.52137
1965,15,20.44236
1966,15,20.2876
1967,15,20.12291
1968,15,20.00229
1969,15,19.83418
1970,15,19.67291
1971,15,19.5287
1972,15,19.2415
1973,15,18.98137
1974,15,18.82649
1975,15,18.62004
1976,15,18.52235
1977,15,18.34838
1978,15,18.3411
1979,15,18.34026
1980,15,18.30756
1981,15,18.24362
1982,15,18.10841
1983,15,18.00765
1984,15,17.85838
1985,15,17.79557
1986,15,17.72738
1987,15,17.60545
1988,15,17.4638
1989,15,17.23488
1990,15,17.0386
1991,15,16.84902
1992,15,16.62409
1993,15,16.39866
1994,15,16.33162
1995,15,16.24455
1996,15,16.26343
1997,15,16.23362
1998,15,15.80833
1999,15,16.98217
2000,15,15.1022
2001,15,13.94913
2002,15,14.771
2003,15,15.49006
2004,15,16.01581
2005,15,22.83882
2006,15,12.47012
2007,15,15.13475
2008,15,12.86267
2009,15,13.30958
2010,15,8.17888
2011,15,5.761088
2012,15,9.46938
2013,15,10.90403
2014,15,4.290036
2015,15,6.2309
2016,15,11.00087
2017,15,6.158366
2018,15,8.07947
2019,15,9.42725
2020,15,10.62263
2021,15,14.0345
2022,15,6.477858
2023,15,13.8767
1952,16,16.9563
1953,16,16.95493
1954,16,16.95089
1955,16,16.92359
1956,16,16.88749
1957,16,16.85712
1958,16,16.83533
1959,16,16.79102
1960,16,16.74164
1961,16,16.70093
1962,16,16.63831
1963,16,16.56315
1964,16,16.47259
1965,16,16.4113
1966,16,16.28818
1967,16,16.15207
1968,16,16.03882
1969,16,15.88938
1970,16,15.76759
1971,16,15.66111
1972,16,15.41926
1973,16,15.19696
1974,16,15.07929
1975,16,14.91387
1976,16,14.82386
1977,16,14.66972
1978,16,14.65705
1979,16,14.63892
1980,16,14.56863
1981,16,14.51695
1982,16,14.40682
1983,16,14.31568
1984,16,14.31257
1985,16,14.17239
1986,16,14.1083
1987,16,14.04315
1988,16,13.949
1989,16,13.77336
1990,16,13.63679
1991,16,13.50761
1992,16,13.37576
1993,16,13.15326
1994,16,13.03311
1995,16,12.94147
1996,16,12.91906
1997,16,12.86764
1998,16,12.73801
1999,16,12.34174
2000,16,13.22107
2001,16,11.72739
2002,16,10.76483
2003,16,11.36315
2004,16,11.87734
2005,16,12.25123
2006,16,17.6016
2007,16,9.52161
2008,16,11.50013
2009,16,9.90525
2010,16,10.34035
2011,16,6.37815
2012,16,4.4665
2013,16,7.32435
2014,16,8.43739
2015,16,3.314365
2016,16,4.793406
2017,16,8.5094
2018,16,4.766556
2019,16,6.215047
2020,16,7.279223
2021,16,8.25674
2022,16,10.91901
2023,16,5.04054
1952,17,13.61216
1953,17,13.61107
1954,17,13.6079
1955,17,13.58639
1956,17,13.55837
1957,17,13.53494
1958,17,13.51828
1959,17,13.48408
1960,17,13.44637
1961,17,13.41564
1962,17,13.36814
1963,17,13.3102
1964,17,13.24051
1965,17,13.19349
1966,17,13.09693
1967,17,12.98892
1968,17,12.89461
1969,17,12.76158
1970,17,12.65206
1971,17,12.57248
1972,17,12.38618
1973,17,12.19856
1974,17,12.09327
1975,17,11.96612
1976,17,11.89331
1977,17,11.76133
1978,17,11.73786
1979,17,11.71773
1980,17,11.64882
1981,17,11.57254
1982,17,11.48513
1983,17,11.41031
1984,17,11.39807
1985,17,11.37827
1986,17,11.25606
1987,17,11.19695
1988,17,11.14729
1989,17,11.02328
1990,17,10.91827
1991,17,10.83074
1992,17,10.74271
1993,17,10.60253
1994,17,10.47235
1995,17,10.34738
1996,17,10.31093
1997,17,10.24136
1998,17,10.11748
1999,17,9.96651
2000,17,9.63006
2001,17,10.29141
2002,17,9.07429
2003,17,8.30462
2004,17,8.73899
2005,17,9.11569
2006,17,9.47178
2007,17,13.49054
2008,17,7.26376
2009,17,8.88766
2010,17,7.72023
2011,17,8.08789
2012,17,4.960609
2013,17,3.465664
2014,17,5.684738
2015,17,6.53914
2016,17,2.557921
2017,17,3.719144
2018,17,6.607419
2019,17,3.679676
2020,17,4.814948
2021,17,5.676072
2022,17,6.444586
2023,17,8.5237
1952,18,10.94197
1953,18,10.94111
1954,18,10.93859
1955,18,10.92161
1956,18,10.89974
1957,18,10.88158
1958,18,10.86876
1959,18,10.84222
1960,18,10.81319
1961,18,10.78983
1962,18,10.75362
1963,18,10.70883
1964,18,10.6552
1965,18,10.61937
1966,18,10.54398
1967,18,10.45936
1968,18,10.38446
1969,18,10.27492
1970,18,10.17637
1971,18,10.10296
1972,18,9.95853
1973,18,9.81396
1974,18,9.72204
1975,18,9.61165
1976,18,9.55722
1977,18,9.45145
1978,18,9.42489
1979,18,9.39798
1980,18,9.33927
1981,18,9.26804
1982,18,9.1711
1983,18,9.11162
1984,18,9.09919
1985,18,9.07575
1986,18,9.05169
1987,18,8.94825
1988,18,8.90299
1989,18,8.82517
1990,18,8.75302
1991,18,8.68618
1992,18,8.62795
1993,18,8.52983
1994,18,8.45518
1995,18,8.32871
1996,18,8.25772
1997,18,8.1881
1998,18,8.06746
1999,18,7.93215
2000,18,7.79269
2001,18,7.51239
2002,18,7.98234
2003,18,7.01823
2004,18,6.4038
2005,18,6.72696
2006,18,7.06766
2007,18,7.28432
2008,18,10.32858
2009,18,5.631864
2010,18,6.947327
2011,18,6.055226
2012,18,6.309007
2013,18,3.860398
2014,18,2.697392
2015,18,4.418552
2016,18,5.061394
2017,18,1.990202
2018,18,2.896189
2019,18,5.116913
2020,18,2.859268
2021,18,3.765253
2022,18,4.442814
2023,18,5.04564
1952,19,45.91082
1953,19,45.90754
1954,19,45.89764
1955,19,45.83124
1956,19,45.74862
1957,19,45.68125
1958,19,45.63454
1959,19,45.53538
1960,19,45.42972
1961,19,45.34698
1962,19,45.21837
1963,19,45.05254
1964,19,44.85917
1965,19,44.73766
1966,19,44.46159
1967,19,44.15324
1968,19,43.88338
1969,19,43.46698
1970,19,43.07525
1971,19,42.7397
1972,19,42.08143
1973,19,41.45506
1974,19,41.07957
1975,19,40.59954
1976,19,40.3177
1977,19,39.86041
1978,19,39.72366
1979,19,39.55822
1980,19,39.24064
1981,19,38.87342
1982,19,38.38177
1983,19,37.95171
1984,19,37.7423
1985,19,37.50925
1986,19,37.27569
1987,19,37.04774
1988,19,36.78908
1989,19,36.403
1990,19,36.1253
1991,19,35.91144
1992,19,35.73113
1993,19,35.42918
1994,19,35.25612
1995,19,34.9767
1996,19,34.76064
1997,19,34.37226
1998,19,33.74599
1999,19,33.01497
2000,19,32.25103
2001,19,31.47866
2002,19,30.4971
2003,19,30.02066
2004,19,28.82228
2005,19,27.38709
2006,19,26.69691
2007,19,26.24997
2008,19,25.9658
2009,19,28.40839
2010,19,26.85422
2011,19,26.74392
2012,19,25.83654
2013,19,25.26817
2014,19,22.90802
2015,19,20.13044
2016,19,19.21694
2017,19,19.08667
2018,19,16.60415
2019,19,15.28864
2020,19,16.02581
2021,19,14.91741
2022,19,14.76552
2023,19,15.18246
