year,age,f
1952,0,2.19623052468892e-05
1953,0,3.49857859246845e-05
1954,0,0.000202554177479564
1955,0,0.000188337588481616
1956,0,0.000164488498132285
1957,0,0.000267897694844141
1958,0,0.00031618286013445
1959,0,0.000239685676310241
1960,0,0.000212565502245651
1961,0,0.000433904788983395
1962,0,0.000370717130009808
1963,0,0.000618812863845693
1964,0,0.000235248103835498
1965,0,0.000522533852205487
1966,0,0.000552283055016696
1967,0,0.000563329443446609
1968,0,0.000471678941124294
1969,0,0.000334993342136089
1970,0,0.000456970710030357
1971,0,0.000602365217615876
1972,0,0.000508996222791695
1973,0,0.000446637172810979
1974,0,0.000738868772755743
1975,0,0.000788974425236451
1976,0,0.00107930171850034
1977,0,0.000523950296668215
1978,0,0.000622132473528835
1979,0,0.00114011836663888
1980,0,0.00121229065972834
1981,0,0.00144456347159494
1982,0,0.0010245151952518
1983,0,0.000727457234620096
1984,0,0.00108339850964628
1985,0,0.00139252290890102
1986,0,0.00101647899276877
1987,0,0.00116559510352671
1988,0,0.00200577545741265
1989,0,0.00135998753931151
1990,0,0.0014935072235785
1991,0,0.00103857269515721
1992,0,0.00138003168531313
1993,0,0.0012255935253923
1994,0,0.00183721500071553
1995,0,0.00147419049906907
1996,0,0.00166104980438904
1997,0,0.00196115517249702
1998,0,0.00338721431185211
1999,0,0.00379289783052881
2000,0,0.00352098831890683
2001,0,0.00455965419761037
2002,0,0.00723702088114746
2003,0,0.00539846847042216
2004,0,0.00745897295395115
2005,0,0.00474543557174491
2006,0,0.00667360255684868
2007,0,0.00524554778725715
2008,0,0.00693727143148002
2009,0,0.00772610872782329
2010,0,0.00537359813104833
2011,0,0.00806339782222304
2012,0,0.0073837133015122
2013,0,0.00819739113369935
2014,0,0.0095561790140748
2015,0,0.0105540999819846
2016,0,0.0102984409568482
2017,0,0.0109005299436621
2018,0,0.01189186018959
2019,0,0.00924924320514358
2020,0,0.00580549739753894
2021,0,0.00577989901296602
2022,0,0.00722451279305574
2023,0,0.00603774320785403
1952,1,8.83608369667393e-05
1953,1,0.000201614254294205
1954,1,0.00121478228337923
1955,1,0.00140343930869201
1956,1,0.0011463713980266
1957,1,0.00120876959253368
1958,1,0.00193233625021604
1959,1,0.00189775613423491
1960,1,0.00133792333364471
1961,1,0.00234905900454034
1962,1,0.00244301255778029
1963,1,0.00367570872596787
1964,1,0.00177962061057257
1965,1,0.00440452119692306
1966,1,0.00471046813724701
1967,1,0.00381568424529296
1968,1,0.00546810841965583
1969,1,0.00383430790560446
1970,1,0.00402881182649518
1971,1,0.00612225496572293
1972,1,0.00599883006282296
1973,1,0.00527097907433594
1974,1,0.00710018252321859
1975,1,0.00500195129967898
1976,1,0.00805807743659944
1977,1,0.00296949039098265
1978,1,0.00400677896264099
1979,1,0.00681040682720328
1980,1,0.0078271337280165
1981,1,0.0089198235482302
1982,1,0.0082306956890504
1983,1,0.00547441238538356
1984,1,0.00701124876838389
1985,1,0.00923629863505506
1986,1,0.00764057814956933
1987,1,0.00799796675090687
1988,1,0.0124848391946343
1989,1,0.00996659859022311
1990,1,0.00907124970418557
1991,1,0.007401458848872
1992,1,0.00900673543021935
1993,1,0.00767418664201579
1994,1,0.0108200220334687
1995,1,0.00808298861044269
1996,1,0.0114718475401301
1997,1,0.0156438752927632
1998,1,0.0218376115803512
1999,1,0.0253499713545491
2000,1,0.0268417581762223
2001,1,0.0330718966040504
2002,1,0.0397668508799743
2003,1,0.0347368293209159
2004,1,0.0432211619542512
2005,1,0.0307654445798531
2006,1,0.0399098822433415
2007,1,0.035689069761677
2008,1,0.0374095939829619
2009,1,0.0375712228587072
2010,1,0.028936808969396
2011,1,0.0397357828983076
2012,1,0.038922167253056
2013,1,0.0397451745743761
2014,1,0.0460444746699068
2015,1,0.0495908954460202
2016,1,0.0459255361139607
2017,1,0.0486577632038485
2018,1,0.0558079406002034
2019,1,0.0441515431258093
2020,1,0.0304696868871271
2021,1,0.0303817041345402
2022,1,0.0340706637783944
2023,1,0.0341281078697422
1952,2,0.000143036231376967
1953,2,0.000335194167623182
1954,2,0.00202492816591468
1955,2,0.002880094961116
1956,2,0.00236618611915308
1957,2,0.00196902026461331
1958,2,0.00341124059740363
1959,2,0.00385200643821131
1960,2,0.00257218848157228
1961,2,0.00451568962303532
1962,2,0.00416533724543526
1963,2,0.00630139675300875
1964,2,0.00315692078786487
1965,2,0.00740385659741058
1966,2,0.00847747961776556
1967,2,0.00697110594840263
1968,2,0.00976454849515228
1969,2,0.00750942386132526
1970,2,0.00710408193723659
1971,2,0.011458328513392
1972,2,0.0115238594483304
1973,2,0.0100124943190647
1974,2,0.0127433096630339
1975,2,0.0088364718269094
1976,2,0.014222799418009
1977,2,0.00554908938368422
1978,2,0.00687404950184362
1979,2,0.0123470715901789
1980,2,0.0138794237172289
1981,2,0.0168497947188277
1982,2,0.0158143425875898
1983,2,0.0105142392841976
1984,2,0.0123532074067644
1985,2,0.0160405611991868
1986,2,0.0149210708719068
1987,2,0.0150771993116378
1988,2,0.0232653724348135
1989,2,0.0182020909123706
1990,2,0.0159957728763065
1991,2,0.0133729168838654
1992,2,0.0163236325283928
1993,2,0.013671676080407
1994,2,0.0194158962726523
1995,2,0.0140029436136319
1996,2,0.0203940686650984
1997,2,0.0281170801282571
1998,2,0.0384109008980477
1999,2,0.0443086224425966
2000,2,0.0501573695055603
2001,2,0.0609639778055271
2002,2,0.0699425677048699
2003,2,0.0667854392475069
2004,2,0.0794868174006216
2005,2,0.0604108141496794
2006,2,0.0795334151697565
2007,2,0.0780656134442447
2008,2,0.0724374517993382
2009,2,0.0664669641538207
2010,2,0.0538845465337497
2011,2,0.0707730209370426
2012,2,0.0718984049108159
2013,2,0.0714110811673691
2014,2,0.0812234152852231
2015,2,0.0870876367134384
2016,2,0.0777541897943362
2017,2,0.081635058255705
2018,2,0.0969741538380023
2019,2,0.0773342610329197
2020,2,0.0591327125751389
2021,2,0.057757618737503
2022,2,0.0608461556183061
2023,2,0.065491703276781
1952,3,0.000159640060752955
1953,3,0.000385519074250191
1954,3,0.00232671834919074
1955,3,0.00357442733033609
1956,3,0.00289471631496704
1957,3,0.0021948954056368
1958,3,0.00395031070015045
1959,3,0.00466933583772131
1960,3,0.00312305865816081
1961,3,0.00543760565529436
1962,3,0.00479075305485296
1963,3,0.00717659733129358
1964,3,0.00364190222307378
1965,3,0.00833309227003204
1966,3,0.0098435505644293
1967,3,0.00823622529363819
1968,3,0.0112923483783875
1969,3,0.00916044450892951
1970,3,0.00832185664944177
1971,3,0.0139854154018623
1972,3,0.0140651965746599
1973,3,0.0118271627802572
1974,3,0.0149312865246771
1975,3,0.0101920924777673
1976,3,0.0165548182563706
1977,3,0.00661406596349234
1978,3,0.00768459014486054
1979,3,0.0144673353649574
1980,3,0.0161121864626384
1981,3,0.0204093829870541
1982,3,0.0192410990937293
1983,3,0.0126317174426569
1984,3,0.0143670710731747
1985,3,0.0182378071267951
1986,3,0.0182043736359994
1987,3,0.0181418459817114
1988,3,0.0273207121034059
1989,3,0.0210740754647354
1990,3,0.0184714173477228
1991,3,0.015486868003332
1992,3,0.0188603023397523
1993,3,0.015347863039779
1994,3,0.0218579729262667
1995,3,0.0155591589945545
1996,3,0.0227578481853411
1997,3,0.0317317259750323
1998,3,0.0425411289513465
1999,3,0.0487273327688023
2000,3,0.0562949240008992
2001,3,0.068178830403466
2002,3,0.0771227030029214
2003,3,0.0772156818124776
2004,3,0.0903561141000832
2005,3,0.0717794707215788
2006,3,0.094301579917064
2007,3,0.0973606031809754
2008,3,0.0857562676417363
2009,3,0.0746955921901466
2010,3,0.0617448296959464
2011,3,0.0793490416445937
2012,3,0.0822336529077491
2013,3,0.0806882838250697
2014,3,0.0905182743680931
2015,3,0.0973102156464718
2016,3,0.0849962203493088
2017,3,0.0892012909368111
2018,3,0.107195437480657
2019,3,0.086845544146094
2020,3,0.0702817627755085
2021,3,0.0674139040266666
2022,3,0.0697329331951483
2023,3,0.0772418411346681
1952,4,0.000154343591858933
1953,4,0.000388450927833493
1954,4,0.00237866118500532
1955,4,0.00364675490534244
1956,4,0.002928486258742
1957,4,0.00213338016340516
1958,4,0.00396928403809475
1959,4,0.00469296356815266
1960,4,0.00318556516725031
1961,4,0.00545909740134156
1962,4,0.00491629796152689
1963,4,0.00719508031258749
1964,4,0.00371132017095284
1965,4,0.00857107508365652
1966,4,0.0101342964684394
1967,4,0.00848714763125212
1968,4,0.0118354572906077
1969,4,0.00979435091696058
1970,4,0.00879335605294715
1971,4,0.0152365268401084
1972,4,0.0153217169153514
1973,4,0.0124517019861405
1974,4,0.0157077216339039
1975,4,0.0104104476760963
1976,4,0.0170912702430698
1977,4,0.00665735972410835
1978,4,0.0076923934840264
1979,4,0.014675741883863
1980,4,0.0164181995194602
1981,4,0.0211580034091977
1982,4,0.0201242895688435
1983,4,0.0131104551925221
1984,4,0.014747523098367
1985,4,0.0183752535358513
1986,4,0.0188598663187098
1987,4,0.0187423765646267
1988,4,0.0276445362190827
1989,4,0.0213811668747934
1990,4,0.0186508636153257
1991,4,0.0157803907958944
1992,4,0.0193180663656235
1993,4,0.0152993330368824
1994,4,0.0216309970690852
1995,4,0.0153256473522523
1996,4,0.022738377302814
1997,4,0.032492148081675
1998,4,0.0427195290600021
1999,4,0.0484628662396065
2000,4,0.0558070135049176
2001,4,0.0674373761044866
2002,4,0.0755776837536903
2003,4,0.0770963495566321
2004,4,0.0888490909970133
2005,4,0.0723194163535321
2006,4,0.0936450896802455
2007,4,0.0986353592962189
2008,4,0.0843375762705832
2009,4,0.0714158373661831
2010,4,0.0601336761363497
2011,4,0.0762284856344576
2012,4,0.0797402836968801
2013,4,0.0778351115660313
2014,4,0.0864069245996081
2015,4,0.0931045960495958
2016,4,0.080798462208468
2017,4,0.0845031947590333
2018,4,0.101604505055582
2019,4,0.0839162183202892
2020,4,0.0692218277867781
2021,4,0.0660979547513997
2022,4,0.0678872201932
2023,4,0.0770728752590406
1952,5,0.000141127335080065
1953,5,0.000371765761255481
1954,5,0.00233992384334493
1955,5,0.00350179331833
1956,5,0.00281105769404857
1957,5,0.00198740206744792
1958,5,0.00382271601549446
1959,5,0.00446562754941246
1960,5,0.00308734181809826
1961,5,0.00519495172694199
1962,5,0.00486762360881009
1963,5,0.00694192213680565
1964,5,0.00364038334440221
1965,5,0.0085760280835488
1966,5,0.0100621054028644
1967,5,0.00840158136051351
1968,5,0.01204872157364
1969,5,0.0100825046635103
1970,5,0.00899492755722289
1971,5,0.0160725584276593
1972,5,0.0161286732899666
1973,5,0.0126393925718103
1974,5,0.0159817734723642
1975,5,0.0102686464435166
1976,5,0.0170201023884955
1977,5,0.00635941379400083
1978,5,0.00744291203610375
1979,5,0.014276032439916
1980,5,0.0160933147024501
1981,5,0.0209462264422087
1982,5,0.0200790561099171
1983,5,0.013019326516314
1984,5,0.0145998756648508
1985,5,0.0178705410088779
1986,5,0.0185620841552021
1987,5,0.0184599368161644
1988,5,0.0267645627764438
1989,5,0.0208362479475541
1990,5,0.0181015443932662
1991,5,0.015494906772391
1992,5,0.0191281723553056
1993,5,0.0147455983516901
1994,5,0.0206556310538593
1995,5,0.0145993370949265
1996,5,0.0220428125779568
1997,5,0.0323602694983061
1998,5,0.041826167619199
1999,5,0.0470428514968893
2000,5,0.0535562793389454
2001,5,0.0645329685367324
2002,5,0.0718777814141731
2003,5,0.0740192266663202
2004,5,0.0840734881548015
2005,5,0.069495674078149
2006,5,0.0887689208834572
2007,5,0.0941052145447662
2008,5,0.0786620554204244
2009,5,0.0653465417987172
2010,5,0.0558487168281147
2011,5,0.0699167537170126
2012,5,0.073662695841453
2013,5,0.0718347524285999
2014,5,0.0790563388231411
2015,5,0.0853772421558368
2016,5,0.074158388539757
2017,5,0.0771158506370091
2018,5,0.0922793084243208
2019,5,0.0778095630964807
2020,5,0.0646339496946683
2021,5,0.0617175446113286
2022,5,0.0630096902604537
2023,5,0.073309297172753
1952,6,0.00012755226897164
1953,6,0.000348438613352496
1954,6,0.00225948258528413
1955,6,0.00331014976907423
1956,6,0.00266323145887193
1957,6,0.0018328548487543
1958,6,0.00363073569603392
1959,6,0.00418999800597041
1960,6,0.00294632804681871
1961,6,0.00488112977571598
1962,6,0.00474475969858334
1963,6,0.0066063723057742
1964,6,0.00351400526040974
1965,6,0.00842181422187288
1966,6,0.00981691284099807
1967,6,0.0081888991700879
1968,6,0.012011243204437
1969,6,0.0101964490413644
1970,6,0.00901288834376167
1971,6,0.0166202002229625
1972,6,0.0166401962763142
1973,6,0.0125302032669175
1974,6,0.0159259499769621
1975,6,0.0100013647636607
1976,6,0.0166784598853833
1977,6,0.00600064387028401
1978,6,0.00709665304271445
1979,6,0.0136931900440087
1980,6,0.0155683329573779
1981,6,0.0204310661664574
1982,6,0.0196739193274597
1983,6,0.0127096043228631
1984,6,0.0142560823961038
1985,6,0.0171423270523509
1986,6,0.017957697091461
1987,6,0.0178639638501178
1988,6,0.0255610099554887
1989,6,0.019999925226551
1990,6,0.0173221159172967
1991,6,0.0149948950759603
1992,6,0.0186935870290168
1993,6,0.0140364005493429
1994,6,0.0195057590273996
1995,6,0.0137679656955995
1996,6,0.0210729253052511
1997,6,0.0316257908344504
1998,6,0.0403831104872174
1999,6,0.0450952514747988
2000,6,0.0508378282975906
2001,6,0.0610552473925064
2002,6,0.0677135629861662
2003,6,0.0703519699059096
2004,6,0.0789275125780408
2005,6,0.065936976351931
2006,6,0.0834711103962868
2007,6,0.0888921593632865
2008,6,0.0726893570497223
2009,6,0.0595346041279646
2010,6,0.0514397789235999
2011,6,0.0634717544894642
2012,6,0.0673194211629271
2013,6,0.065806705777386
2014,6,0.071907959530891
2015,6,0.0779482083204956
2016,6,0.0678536839114628
2017,6,0.0700646363047976
2018,6,0.0834511493865535
2019,6,0.0716280511912906
2020,6,0.0597506025328037
2021,6,0.0571557177302219
2022,6,0.0579708670637649
2023,6,0.0689120670056779
1952,7,0.000115801573750871
1953,7,0.000324289972556227
1954,7,0.00215502913219921
1955,7,0.00311364488782875
1956,7,0.00251332651428791
1957,7,0.00169097724484106
1958,7,0.00342449437082328
1959,7,0.00391591055956014
1960,7,0.00279157804678356
1961,7,0.00457564927836753
1962,7,0.00457720575923646
1963,7,0.00623781862752097
1964,7,0.00335447824715815
1965,7,0.00812530134639126
1966,7,0.009438893105753
1967,7,0.00789177245439698
1968,7,0.0117333651620122
1969,7,0.0101393085187288
1970,7,0.00886991125820074
1971,7,0.0168388844641301
1972,7,0.0168111460747277
1973,7,0.0121865991536792
1974,7,0.0155420294524903
1975,7,0.00963861597771387
1976,7,0.0161418245894298
1977,7,0.00564732416346564
1978,7,0.00669330102593724
1979,7,0.0130316287818299
1980,7,0.0149192536506222
1981,7,0.0197659633103954
1982,7,0.0190086204411588
1983,7,0.0122487807578292
1984,7,0.0137727066308165
1985,7,0.0162819907555929
1986,7,0.0171900902729192
1987,7,0.017086724202136
1988,7,0.0242021455680157
1989,7,0.019006077891313
1990,7,0.016439702133094
1991,7,0.0143390230004913
1992,7,0.0180630932150506
1993,7,0.013253808665079
1994,7,0.0182878479540319
1995,7,0.012899690925636
1996,7,0.0199255745023081
1997,7,0.0303679260518606
1998,7,0.0384757877322651
1999,7,0.0427801225888647
2000,7,0.0478935013627193
2001,7,0.057448045199991
2002,7,0.0634979371618784
2003,7,0.0665877223324384
2004,7,0.0739475001890348
2005,7,0.062231813173411
2006,7,0.0784227781316934
2007,7,0.0839163936441001
2008,7,0.0673206443849602
2009,7,0.0544407325708511
2010,7,0.0474203263213562
2011,7,0.0578225968993807
2012,7,0.0614633215068547
2013,7,0.0603121053607908
2014,7,0.0655790682197912
2015,7,0.0714533675448339
2016,7,0.0623068971686539
2017,7,0.0638510842833717
2018,7,0.075796206384058
2019,7,0.0659823507636148
2020,7,0.0551883073188478
2021,7,0.0528881812180012
2022,7,0.0533794433067558
2023,7,0.0644656467250731
1952,8,0.000106735821679465
1953,8,0.00030286005018574
1954,8,0.00204540492191775
1955,8,0.00292729097131774
1956,8,0.00237183225539341
1957,8,0.00156858618056361
1958,8,0.00322460984875155
1959,8,0.00366259481199289
1960,8,0.00263881617419372
1961,8,0.00429715849525563
1962,8,0.00439581488769802
1963,8,0.00587614478206888
1964,8,0.00318733055019057
1965,8,0.00775794564639679
1966,8,0.00899951550535801
1967,8,0.00755640590893809
1968,8,0.0113236593504949
1969,8,0.00996249449299867
1970,8,0.00862378877513469
1971,8,0.0168150726260351
1972,8,0.0167196850237454
1973,8,0.0117051083546623
1974,8,0.0149909588989642
1975,8,0.0092226592180702
1976,8,0.0155075108431709
1977,8,0.00532134843919935
1978,8,0.00628526348873243
1979,8,0.0123627563975621
1980,8,0.0142378940645825
1981,8,0.0190305285597575
1982,8,0.0182254972871411
1983,8,0.01170048310615
1984,8,0.0132244162948457
1985,8,0.0153911126949119
1986,8,0.0163619594250167
1987,8,0.016239694213582
1988,8,0.0228263440574581
1989,8,0.0179650167651503
1990,8,0.0155543211540876
1991,8,0.0136237736858175
1992,8,0.0173167855355199
1993,8,0.0124730922199056
1994,8,0.01710153882879
1995,8,0.0120546911631807
1996,8,0.0187276175708551
1997,8,0.0288679718417419
1998,8,0.0363839598682235
1999,8,0.0403635915172913
2000,8,0.0449821223433783
2001,8,0.0539714740926074
2002,8,0.0595159105300848
2003,8,0.0629561091124711
2004,8,0.0693569529585211
2005,8,0.0586287509939982
2006,8,0.0738454398143484
2007,8,0.0792947222931402
2008,8,0.0626283125697772
2009,8,0.0501510182325483
2010,8,0.0438637900665986
2011,8,0.0530831525238378
2012,8,0.056448896021965
2013,8,0.0554227209918741
2014,8,0.0600208582598764
2015,8,0.0658427046798704
2016,8,0.0574850089784904
2017,8,0.0585035589833967
2018,8,0.0693000090688037
2019,8,0.0609452623704112
2020,8,0.0511334116246827
2021,8,0.049005883464574
2022,8,0.049273902291472
2023,8,0.0602114700952047
1952,9,9.97011499865174e-05
1953,9,0.000285421899341379
1954,9,0.00194491209662917
1955,9,0.00275998722544219
1956,9,0.00224340312544808
1957,9,0.00146695344457641
1958,9,0.00304614188606791
1959,9,0.00344016755319149
1960,9,0.00249898088613
1961,9,0.00405223929508324
1962,9,0.00422755965322531
1963,9,0.00555280295158006
1964,9,0.00303419015589004
1965,9,0.00739971344060738
1966,9,0.00857236797437546
1967,9,0.00723031984046938
1968,9,0.0108974604124788
1969,9,0.00973920173880633
1970,9,0.00835110332892776
1971,9,0.0166586404578447
1972,9,0.0165077187869999
1973,9,0.011201332490948
1974,9,0.0144103299493783
1975,9,0.00882285278340153
1976,9,0.0148738597581034
1977,9,0.00503455361670808
1978,9,0.00592390320224801
1979,9,0.0117511600228174
1980,9,0.0136027604358169
1981,9,0.018319107205221
1982,9,0.0174405097926933
1983,9,0.011161826248889
1984,9,0.0126804107977289
1985,9,0.0145717054774163
1986,9,0.0155695874416668
1987,9,0.0154304479865962
1988,9,0.0215636055551989
1989,9,0.0170111911630988
1990,9,0.0147417989099475
1991,9,0.0129467854501595
1992,9,0.0165823457935132
1993,9,0.0117602272828458
1994,9,0.0160384379553817
1995,9,0.0113035422602261
1996,9,0.0176186535481249
1997,9,0.0273919645100947
1998,9,0.034414903764721
1999,9,0.0381347080790168
2000,9,0.0423399695817957
2001,9,0.0508542836200398
2002,9,0.0559574894418382
2003,9,0.0596399252541134
2004,9,0.065258298027427
2005,9,0.0553383261779065
2006,9,0.0697396612698317
2007,9,0.0751950573109223
2008,9,0.0585865585095621
2009,9,0.0466000942741079
2010,9,0.040849612875086
2011,9,0.0491550766762934
2012,9,0.0522915519753309
2013,9,0.0513447195515501
2014,9,0.0551944889558938
2015,9,0.0609429403870521
2016,9,0.0533408211909547
2017,9,0.0539666342548637
2018,9,0.0638697376192357
2019,9,0.0565816172329852
2020,9,0.0475936097311237
2021,9,0.0456350103328282
2022,9,0.0456838094567998
2023,9,0.056324211054321
1952,10,9.45786671017703e-05
1953,10,0.000271841594464469
1954,10,0.00186032190956643
1955,10,0.00261431279429059
1956,10,0.0021298524594416
1957,10,0.00138442167046015
1958,10,0.0028946978324705
1959,10,0.00325018841459099
1960,10,0.00237663030098982
1961,10,0.00384162206842272
1962,10,0.00408638441216609
1963,10,0.00528146747703113
1964,10,0.0029048944592621
1965,10,0.00709266994460051
1966,10,0.00820052580065695
1967,10,0.00694095008520352
1968,10,0.0105185795189138
1969,10,0.0095168784357443
1970,10,0.0081010106833276
1971,10,0.0164561252364813
1972,10,0.0162609553924714
1973,10,0.0107597368889022
1974,10,0.0138838136478683
1975,10,0.00847000124183271
1976,10,0.0143181581988612
1977,10,0.00478952840960032
1978,10,0.0056258595565528
1979,10,0.0112286707073655
1980,10,0.0130554975574219
1981,10,0.0176816799149832
1982,10,0.0167358643422115
1983,10,0.0106753949588786
1984,10,0.0122001132219811
1985,10,0.0138578123577329
1986,10,0.0148659634123104
1987,10,0.0147158449633055
1988,10,0.0204769538426359
1989,10,0.0162077514284343
1990,10,0.0140486938470435
1991,10,0.0123520794500782
1992,10,0.0159326630541496
1993,10,0.0111601532666123
1994,10,0.015134040199704
1995,10,0.0106736278871589
1996,10,0.0166837550853256
1997,10,0.0260987686801418
1998,10,0.0327085542178269
1999,10,0.0362433698625279
2000,10,0.0400935146198929
2001,10,0.0481820185451464
2002,10,0.0529165040179453
2003,10,0.0567218666885593
2004,10,0.0616720630039057
2005,10,0.0524162922793742
2006,10,0.0661286225617828
2007,10,0.0715473256631919
2008,10,0.0551920042134321
2009,10,0.0436666531720027
2010,10,0.038346818339389
2011,10,0.0459739022884286
2012,10,0.0488647375251425
2013,10,0.0480247137016523
2014,10,0.0512480048630869
2015,10,0.0566638605427048
2016,10,0.0497598196675325
2017,10,0.0501524296291583
2018,10,0.0593247026919783
2019,10,0.0528909232880109
2020,10,0.0445531479993648
2021,10,0.0427455619874745
2022,10,0.0426525075030252
2023,10,0.052906553927154
1952,11,9.08255260250158e-05
1953,11,0.000261420204320464
1954,11,0.00179170954315908
1955,11,0.00248989661973076
1956,11,0.00203111215066141
1957,11,0.0013182157275723
1958,11,0.00276917931074804
1959,11,0.00309067711347365
1960,11,0.00227217464224525
1961,11,0.00366258845101345
1962,11,0.00397362067914985
1963,11,0.0050618706237149
1964,11,0.0028009332642791
1965,11,0.00684562769532026
1966,11,0.00789357755156577
1967,11,0.00669598767665405
1968,11,0.0102056866119247
1969,11,0.00931576307141317
1970,11,0.00788966325061823
1971,11,0.0162525748293357
1972,11,0.0160233232900061
1973,11,0.0103928227550914
1974,11,0.0134520303422344
1975,11,0.00817266974291521
1976,11,0.0138492167357629
1977,11,0.00458396547653415
1978,11,0.00538464097475305
1979,11,0.0107924752364186
1980,11,0.0126037466124101
1981,11,0.0171322444540522
1982,11,0.0161329661277966
1983,11,0.0102613217317891
1984,11,0.0117880267172221
1985,11,0.0132735269959219
1986,11,0.014257974708217
1987,11,0.0141081449234148
1988,11,0.0195692538406301
1989,11,0.0155577228421454
1990,11,0.0134773359983224
1991,11,0.0118572653338533
1992,11,0.0153788990406694
1993,11,0.0106736233834482
1994,11,0.0143918847672535
1995,11,0.0101553063806252
1996,11,0.0159272310373462
1997,11,0.0250549017646795
1998,11,0.031293218285843
1999,11,0.0346862916177169
2000,11,0.0382500885981377
2001,11,0.045944675186625
2002,11,0.0503618528248167
2003,11,0.0542055415166571
2004,11,0.0585795298807395
2005,11,0.0498413549165222
2006,11,0.0628498003179481
2007,11,0.0683249205226046
2008,11,0.0523002786261005
2009,11,0.0412587758208669
2010,11,0.0362591661402697
2011,11,0.0433889251354375
2012,11,0.0460876223219853
2013,11,0.0453030707568613
2014,11,0.0480624167592879
2015,11,0.0531583078112198
2016,11,0.0466652587442943
2017,11,0.0469031575108182
2018,11,0.0554891488366982
2019,11,0.0497638759360248
2020,11,0.0419592190363418
2021,11,0.0402831332649592
2022,11,0.0400912011840598
2023,11,0.0499933029309073
1952,12,8.77841040894059e-05
1953,12,0.000253705580757232
1954,12,0.0017365517238471
1955,12,0.00238347973985906
1956,12,0.00194481802938745
1957,12,0.00126408770219535
1958,12,0.00266560527712884
1959,12,0.00295587418902735
1960,12,0.00218325745918625
1961,12,0.00350914688460128
1962,12,0.00388445460272623
1963,12,0.00488444586298592
1964,12,0.00271869128524368
1965,12,0.0066507882050174
1966,12,0.00764378292620209
1967,12,0.00649111708925239
1968,12,0.00995555716747378
1969,12,0.00913931327794761
1970,12,0.00771478134799295
1971,12,0.0160623040792981
1972,12,0.0158101455694717
1973,12,0.0100945996067315
1974,12,0.0130988214177911
1975,12,0.00792786131855604
1976,12,0.0134575232801877
1977,12,0.00440927114629292
1978,12,0.0051963467705436
1979,12,0.0104257684077025
1980,12,0.0122293143907219
1981,12,0.0166625845786151
1982,12,0.0156263095149767
1983,12,0.00991400592929458
1984,12,0.0114426439221794
1985,12,0.0127890788902656
1986,12,0.01374415853177
1987,12,0.0135893099737908
1988,12,0.0188134728717454
1989,12,0.0150342546896109
1990,12,0.0130095530250623
1991,12,0.0114526804417726
1992,12,0.0149201554720887
1993,12,0.0102752886853962
1994,12,0.0137837010003444
1995,12,0.00973409612875424
1996,12,0.0153092589859847
1997,12,0.0242297860157458
1998,12,0.0301561822388968
1999,12,0.0334136472730974
2000,12,0.0367398835906083
2001,12,0.0440803968052161
2002,12,0.0482235901722464
2003,12,0.0520374688880719
2004,12,0.0559212967111657
2005,12,0.0475835311232641
2006,12,0.0598203194538528
2007,12,0.0653331357914093
2008,12,0.0498112092559525
2009,12,0.039230287474585
2010,12,0.0345127854817598
2011,12,0.0412337256558219
2012,12,0.0438130067986194
2013,12,0.0430953355583144
2014,12,0.0454519529382742
2015,12,0.0503159179768162
2016,12,0.0441217934808947
2017,12,0.0441181227371054
2018,12,0.0521554359929535
2019,12,0.0470888632939259
2020,12,0.0397081170832044
2021,12,0.0381793002902597
2022,12,0.0379173153606377
2023,12,0.0474985188513846
1952,13,8.53797813369764e-05
1953,13,0.00024743229124796
1954,13,0.00169157078729492
1955,13,0.00229169470620588
1956,13,0.00186913136048466
1957,13,0.00121912403752902
1958,13,0.00257868281356121
1959,13,0.0028411257420715
1960,13,0.00210672967536158
1961,13,0.00337685229806033
1962,13,0.00381286691595326
1963,13,0.00473934742313358
1964,13,0.00265251078186063
1965,13,0.00649689081896359
1966,13,0.00743894038162111
1967,13,0.00631859202633675
1968,13,0.00975424920472554
1969,13,0.00898557248148104
1970,13,0.00756869233743014
1971,13,0.015885919611922
1972,13,0.0156203954457597
1973,13,0.00985361349896272
1974,13,0.0128084896221345
1975,13,0.00772194076075783
1976,13,0.0131324110287631
1977,13,0.00426010113611346
1978,13,0.00504493968776383
1979,13,0.0101174815046436
1980,13,0.0119107504699331
1981,13,0.0162536352086677
1982,13,0.0152009807716983
1983,13,0.00962208926584753
1984,13,0.0111501613317073
1985,13,0.0123879857156933
1986,13,0.0133038764427522
1987,13,0.0131513687751134
1988,13,0.0181689177853911
1989,13,0.0146065598347862
1990,13,0.0126209104424895
1991,13,0.0111193523148841
1992,13,0.0145402808588648
1993,13,0.00995198311811583
1994,13,0.0132738607515247
1995,13,0.0093856102047972
1996,13,0.0148055840374466
1997,13,0.0235511269603997
1998,13,0.029233443154261
1999,13,0.0323837289894744
2000,13,0.0354903647441538
2001,13,0.0425114988723215
2002,13,0.0464206116835312
2003,13,0.050157652044857
2004,13,0.053616254475239
2005,13,0.0456048119929224
2006,13,0.0570752183697092
2007,13,0.062493568732659
2008,13,0.0475586122479666
2009,13,0.0374857696559826
2010,13,0.0330118854229926
2011,13,0.0394172378797787
2012,13,0.0418887763696716
2013,13,0.0412733916010749
2014,13,0.043322005174914
2015,13,0.0479610280353717
2016,13,0.0420209061533089
2017,13,0.041818193769274
2018,13,0.0492251703294063
2019,13,0.0447338805700363
2020,13,0.0377211322155212
2021,13,0.0363376087603294
2022,13,0.0360548031188183
2023,13,0.0453478112377488
1952,14,8.35956594881965e-05
1953,14,0.000242757091525713
1954,14,0.00165395854103186
1955,14,0.00221208338283813
1956,14,0.00180266203943833
1957,14,0.00118129047505917
1958,14,0.00250474295318982
1959,14,0.00274225248750321
1960,14,0.00204085132334114
1961,14,0.00326159118672154
1962,14,0.00375427339445413
1963,14,0.00461826912353869
1964,14,0.00259832055175911
1965,14,0.00637199994481913
1966,14,0.00726802259039476
1967,14,0.0061712493807901
1968,14,0.00958754785227928
1969,14,0.00884980238849136
1970,14,0.00744497729993449
1971,14,0.0157217845232756
1972,14,0.0154491001829658
1973,14,0.00965488037579557
1974,14,0.0125669161808329
1975,14,0.00754578298287568
1976,14,0.0128518332982596
1977,14,0.00413042541328863
1978,14,0.00491976735191041
1979,14,0.00985063460614915
1980,14,0.0116385361984713
1981,14,0.0158908211672193
1982,14,0.0148344332047491
1983,14,0.00937543496289412
1984,14,0.010899561517082
1985,14,0.0120482830377498
1986,14,0.0129243985453185
1987,14,0.0127717535203074
1988,14,0.0176205783931698
1989,14,0.014236383428201
1990,14,0.0122905618057626
1991,14,0.0108383725227005
1992,14,0.0142202471296399
1993,14,0.00968656217723907
1994,14,0.0128435072683956
1995,14,0.00908722410228157
1996,14,0.0143830300535207
1997,14,0.0229917883780808
1998,14,0.028450665085622
1999,14,0.0315293269142566
2000,14,0.0344540961750284
2001,14,0.041173661721809
2002,14,0.0448780346589303
2003,14,0.0485096704916054
2004,14,0.0515967319392701
2005,14,0.0438559983968112
2006,14,0.0546073634466542
2007,14,0.0598712866313815
2008,14,0.0454658712687255
2009,14,0.0359075793649291
2010,14,0.031694045768852
2011,14,0.0378330661796743
2012,14,0.0402432332060235
2013,14,0.0397114760556545
2014,14,0.0415478563715697
2015,14,0.0460267350251198
2016,14,0.0402506997715638
2017,14,0.0398809138386235
2018,14,0.0467770051633776
2019,14,0.0426431028973217
2020,14,0.0359055400427311
2021,14,0.0346957106859906
2022,14,0.0344111558211447
2023,14,0.0434783282007211
1952,15,8.19331578566637e-05
1953,15,0.000238852303308108
1954,15,0.0016227518371104
1955,15,0.00214205567644995
1956,15,0.00174335101004346
1957,15,0.0011488124733945
1958,15,0.00244150400181463
1959,15,0.00265597449240074
1960,15,0.00198283084592487
1961,15,0.00316016971390364
1962,15,0.0037058094815322
1963,15,0.00451644817837186
1964,15,0.00255336745585211
1965,15,0.00627068198840546
1966,15,0.00712471701433387
1967,15,0.0060451550516302
1968,15,0.00944877227844911
1969,15,0.0087295778338202
1970,15,0.00734012366599552
1971,15,0.0155720774137551
1972,15,0.0152950790569862
1973,15,0.0094888875000856
1974,15,0.01236580596237
1975,15,0.00739473669457744
1976,15,0.0126104215326349
1977,15,0.00401615862681066
1978,15,0.00481744514819175
1979,15,0.00961842432400086
1980,15,0.0114005956757755
1981,15,0.0155690682646865
1982,15,0.0145124753637951
1983,15,0.00916312213073332
1984,15,0.0106864722158449
1985,15,0.0117612788831715
1986,15,0.0125944422311701
1987,15,0.0124437708046372
1988,15,0.017143825008446
1989,15,0.0139259456818092
1990,15,0.0120004842619112
1991,15,0.0105980038686226
1992,15,0.0139467319326953
1993,15,0.00946706560810456
1994,15,0.0124782911329372
1995,15,0.00883277073680096
1996,15,0.0140170052313688
1997,15,0.02252481616454
1998,15,0.0277941899957174
1999,15,0.0307987451856859
2000,15,0.033580859129299
2001,15,0.0400384904153521
2002,15,0.043555990242536
2003,15,0.0470668990542968
2004,15,0.0498170868207727
2005,15,0.0423079763729037
2006,15,0.0523910379246551
2007,15,0.0574814797986422
2008,15,0.0435573316047524
2009,15,0.0344496890431554
2010,15,0.03049418340653
2011,15,0.0364308180371485
2012,15,0.0387946611269692
2013,15,0.0383696314156326
2014,15,0.0400177489580507
2015,15,0.0444162686481889
2016,15,0.0387692980552902
2017,15,0.0382328659827136
2018,15,0.0447153014529418
2019,15,0.0408738289925482
2020,15,0.0342441024430861
2021,15,0.0331860408012398
2022,15,0.0329432762614587
2023,15,0.041813671624918
1952,16,8.04188833943726e-05
1953,16,0.000235440309691647
1954,16,0.00159515118439209
1955,16,0.00207986524283561
1956,16,0.00169034355727229
1957,16,0.00112007208467402
1958,16,0.00238563400568923
1959,16,0.00257963539945758
1960,16,0.00193130823802209
1961,16,0.00306985816837745
1962,16,0.00366375290384061
1963,16,0.00442806011839537
1964,16,0.00251477281699477
1965,16,0.00618440531234577
1966,16,0.00700019044930127
1967,16,0.00593398555928126
1968,16,0.00933061497292194
1969,16,0.00862151096219614
1970,16,0.00724725318644131
1971,16,0.0154318429097618
1972,16,0.0151545168659196
1973,16,0.00934609727175699
1974,16,0.0121914112599134
1975,16,0.00726189141500497
1976,16,0.0123968248130042
1977,16,0.00391435686621832
1978,16,0.00472923169242788
1979,16,0.00941336110092138
1980,16,0.0111882471898525
1981,16,0.0152747553024223
1982,16,0.0142284946232062
1983,16,0.00897392628816795
1984,16,0.0104967703303809
1985,16,0.0115173721413608
1986,16,0.0123034473483694
1987,16,0.0121541124614136
1988,16,0.0167270506020145
1989,16,0.0136511893187283
1990,16,0.0117480638790361
1991,16,0.0103811852006017
1992,16,0.0137068044376544
1993,16,0.00928093719617798
1994,16,0.0121653368743147
1995,16,0.00861399512207656
1996,16,0.0137014312362896
1997,16,0.0221090779206599
1998,16,0.0272271772156718
1999,16,0.030173490235372
2000,16,0.0328212067315656
2001,16,0.0390511360134267
2002,16,0.0424205543682529
2003,16,0.0458032437165311
2004,16,0.0482504948993209
2005,16,0.0409300838030141
2006,16,0.0503998781811029
2007,16,0.0553161874932391
2008,16,0.0418327053789827
2009,16,0.0331152184286111
2010,16,0.0293772274915743
2011,16,0.0351287742350838
2012,16,0.037495746135117
2013,16,0.0371734505823042
2014,16,0.0386896359540687
2015,16,0.043014357905813
2016,16,0.0375075702908329
2017,16,0.0368234278621289
2018,16,0.0429518560115522
2019,16,0.0393475859353115
2020,16,0.0328328514202683
2021,16,0.0317990227277957
2022,16,0.0315908913521006
2023,16,0.0403183355741647
1952,17,7.91141178181913e-05
1953,17,0.000232231648760902
1954,17,0.00157008937088015
1955,17,0.0020236875047382
1956,17,0.00164253481852907
1957,17,0.00109426703166028
1958,17,0.0023350920152194
1959,17,0.00251122796586791
1960,17,0.00188468911237754
1961,17,0.00298830405351516
1962,17,0.00362527750233016
1963,17,0.0043484041160163
1964,17,0.00248006270188989
1965,17,0.00610577787207934
1966,17,0.00688727440495597
1967,17,0.0058327206095657
1968,17,0.00922143151072426
1969,17,0.0085206645554469
1970,17,0.00716083647741949
1971,17,0.0152957421974423
1972,17,0.0150203527657438
1973,17,0.00921591759642121
1974,17,0.0120298694637596
1975,17,0.00713965500262407
1976,17,0.0122001001781674
1977,17,0.00382116965747072
1978,17,0.00464840773573718
1979,17,0.00922361040576972
1980,17,0.0109934394389303
1981,17,0.0150019262365911
1982,17,0.0139652627057769
1983,17,0.00880281178359746
1984,17,0.0103193621143755
1985,17,0.0112962578456567
1986,17,0.0120407314297809
1987,17,0.0118921289913771
1988,17,0.0163487044532797
1989,17,0.0134015614211469
1990,17,0.011515986171115
1991,17,0.0101859779234844
1992,17,0.0134787134224046
1993,17,0.00911291872765274
1994,17,0.011883172492325
1995,17,0.00841816009125015
1996,17,0.0134196445565531
1997,17,0.0217327394027746
1998,17,0.0266960200321622
1999,17,0.0296039411551787
2000,17,0.0321400184965099
2001,17,0.0381544069877208
2002,17,0.04139892493848
2003,17,0.0446738461458802
2004,17,0.0468534292498332
2005,17,0.0396925576105594
2006,17,0.0485917767389023
2007,17,0.0533492086499132
2008,17,0.0402673221052182
2009,17,0.0318975457339165
2010,17,0.0283376453981941
2011,17,0.0338860116652798
2012,17,0.0362652059793465
2013,17,0.0360787394898207
2014,17,0.0374855516106459
2015,17,0.0417821231102255
2016,17,0.0363767915131077
2017,17,0.035584968964095
2018,17,0.0414291947629248
2019,17,0.0380006451538124
2020,17,0.0316248065551279
2021,17,0.030606683173064
2022,17,0.0303373921134732
2023,17,0.0389234062783768
1952,18,7.79401138460549e-05
1953,18,0.00022930662588166
1954,18,0.00154650909212248
1955,18,0.00197288965706522
1956,18,0.00159909955122783
1957,18,0.00107039459113475
1958,18,0.00228881112909844
1959,18,0.00244915753323582
1960,18,0.00184251560062296
1961,18,0.00291400481471905
1962,18,0.00358906616097649
1963,18,0.00427502442750516
1964,18,0.00244781138434756
1965,18,0.00603138873869166
1966,18,0.0067820081461175
1967,18,0.00573890159077612
1968,18,0.00911725609155411
1969,18,0.00842519256378639
1970,18,0.0070795535881164
1971,18,0.0151638016205152
1972,18,0.0148901326051636
1973,18,0.00909336296026273
1974,18,0.0118789813933084
1975,18,0.00702572933601411
1976,18,0.0120149585449535
1977,18,0.00373531227298457
1978,18,0.00457318753958932
1979,18,0.0090470652600346
1980,18,0.0108087413470218
1981,18,0.0147460121935166
1982,18,0.0137196216304478
1983,18,0.00864237518328245
1984,18,0.0101546774520589
1985,18,0.0110875962573341
1986,18,0.0117969493478566
1987,18,0.0116529609191741
1988,18,0.016001720363889
1989,18,0.0131690453991255
1990,18,0.011302126759964
1991,18,0.0100019587194831
1992,18,0.0132684945563546
1993,18,0.00895001356474865
1994,18,0.0116222177529041
1995,18,0.00823809415773871
1996,18,0.0131634719299032
1997,18,0.0213909307510289
1998,18,0.026205725715095
1999,18,0.029060625521769
2000,18,0.0315092513323384
2001,18,0.037338397793179
2002,18,0.0404587774349376
2003,18,0.0436389184131896
2004,18,0.0455982975990818
2005,18,0.0385814585306736
2006,18,0.04696504731658
2007,18,0.0515533553310398
2008,18,0.0388445024151432
2009,18,0.030784340599844
2010,18,0.0273822593221825
2011,18,0.0327180445023852
2012,18,0.0350784911129834
2013,18,0.0350260879068039
2014,18,0.0363750944499353
2015,18,0.0406568578512825
2016,18,0.0353568317068381
2017,18,0.0344542585614425
2018,18,0.0400940189082964
2019,18,0.0368075145893139
2020,18,0.0305735158446148
2021,18,0.0295751153599771
2022,18,0.0292484140471557
2023,18,0.0376295476812654
1952,19,7.22572333166781e-05
1953,19,0.000215501987690913
1954,19,0.00144911503570771
1955,19,0.00179583854789876
1956,19,0.00145079631757198
1957,19,0.00098055544282392
1958,19,0.00211399149668212
1959,19,0.00222998681283653
1960,19,0.00169068235991768
1961,19,0.00265313774489501
1962,19,0.00343233894222635
1963,19,0.00399071050944075
1964,19,0.00231669297865966
1965,19,0.00570789133282786
1966,19,0.0063601466745791
1967,19,0.00537950374423259
1968,19,0.00866050946383346
1969,19,0.00802775344100279
1970,19,0.00673141072297896
1971,19,0.0145739425181389
1972,19,0.0143225737054919
1973,19,0.00858288584071523
1974,19,0.0112477882813768
1975,19,0.00657876773603839
1976,19,0.0112799678556192
1977,19,0.00342207235920303
1978,19,0.00426872116756109
1979,19,0.0083732472263666
1980,19,0.0100775502048387
1981,19,0.0137446247551669
1982,19,0.0127666373342735
1983,19,0.00802454848490357
1984,19,0.00948808211688212
1985,19,0.0102790905096076
1986,19,0.0108822716069776
1987,19,0.0107555541092385
1988,19,0.0147213371731503
1989,19,0.0123009918699008
1990,19,0.0105165405782097
1991,19,0.0093112684368825
1992,19,0.0124464604947423
1993,19,0.00832892194456659
1994,19,0.0106292296097812
1995,19,0.00754491326833291
1996,19,0.0121537197919831
1997,19,0.02003697084844
1998,19,0.0243672207617112
1999,19,0.0270261120128233
2000,19,0.0291204963395743
2001,19,0.0343217516843157
2002,19,0.0370401673593555
2003,19,0.0399839187858461
2004,19,0.0412446559522703
2005,19,0.0348205200993424
2006,19,0.0417023686933244
2007,19,0.045885893510164
2008,19,0.0343592207506605
2009,19,0.0274407322506661
2010,19,0.024355718613406
2011,19,0.0289561991360092
2012,19,0.0310561645701205
2013,19,0.0311887188827881
2014,19,0.0320154542746383
2015,19,0.0359191418985377
2016,19,0.031249193811814
2017,19,0.0301618222705951
2018,19,0.0348114308287386
2019,19,0.032108688756979
2020,19,0.0271810786016432
2021,19,0.0262116452517562
2022,19,0.0256825961015934
2023,19,0.0334466633758627
