age,year,area,f
1,1954,1,1.268429e-11
2,1954,1,7.067516e-06
3,1954,1,8.348334e-05
4,1954,1,0.0008329418
5,1954,1,0.01832004
6,1954,1,0.02020115
7,1954,1,0.00843666
8,1954,1,0.003925594
9,1954,1,0.002479382
10,1954,1,0.001963711
11,1954,1,0.001767941
12,1954,1,0.001767941
1,1955,1,1.424401e-11
2,1955,1,0.0001048331
3,1955,1,0.001105592
4,1955,1,0.003417706
5,1955,1,0.01382091
6,1955,1,0.02260882
7,1955,1,0.0167347
8,1955,1,0.012046
9,1955,1,0.01004986
10,1955,1,0.009234568
11,1955,1,0.008899496
12,1955,1,0.008899496
1,1956,1,1.033447e-11
2,1956,1,5.275153e-05
3,1956,1,0.0005569656
4,1956,1,0.001765271
5,1956,1,0.009581464
6,1956,1,0.01515727
7,1956,1,0.0111263
8,1956,1,0.008499423
9,1956,1,0.007415204
10,1956,1,0.006964847
11,1956,1,0.00677387
12,1956,1,0.00677387
1,1957,1,1.63659e-11
2,1957,1,4.051532e-05
3,1957,1,0.0004300774
4,1957,1,0.001507865
5,1957,1,0.01047814
6,1957,1,0.01920332
7,1957,1,0.01793869
8,1957,1,0.01608855
9,1957,1,0.01522258
10,1957,1,0.01480764
11,1957,1,0.01460426
12,1957,1,0.01460426
1,1958,1,2.408228e-11
2,1958,1,0.0001725084
3,1958,1,0.001817617
4,1958,1,0.005507556
5,1958,1,0.0178934
6,1958,1,0.03111331
7,1958,1,0.02783574
8,1958,1,0.0232874
9,1958,1,0.02117745
10,1958,1,0.02026028
11,1958,1,0.01985728
12,1958,1,0.01985728
1,1959,1,3.416139e-11
2,1959,1,0.000211176
3,1959,1,0.002223602
4,1959,1,0.006647197
5,1959,1,0.02020954
6,1959,1,0.04053163
7,1959,1,0.04101532
8,1959,1,0.03676373
9,1959,1,0.03444291
10,1959,1,0.03333035
11,1959,1,0.03280563
12,1959,1,0.03280563
1,1960,1,3.569434e-11
2,1960,1,0.0002333363
3,1960,1,0.002453817
4,1960,1,0.007138337
5,1960,1,0.01928202
6,1960,1,0.04884038
7,1960,1,0.04897202
8,1960,1,0.04222984
9,1960,1,0.03873429
10,1960,1,0.03713712
11,1960,1,0.03641448
12,1960,1,0.03641448
1,1961,1,4.593e-11
2,1961,1,0.0002472806
3,1961,1,0.002609584
4,1961,1,0.008177466
5,1961,1,0.03587137
6,1961,1,0.05802551
7,1961,1,0.04948122
8,1961,1,0.04164995
9,1961,1,0.03812705
10,1961,1,0.03657331
11,1961,1,0.03587756
12,1961,1,0.03587756
1,1962,1,5.128486e-11
2,1962,1,0.0002333119
3,1962,1,0.002461329
4,1962,1,0.007665597
5,1962,1,0.03924171
6,1962,1,0.09094798
7,1962,1,0.07476287
8,1962,1,0.05557591
9,1962,1,0.04691391
10,1962,1,0.04325742
11,1962,1,0.04171628
12,1962,1,0.04171628
1,1963,1,4.810579e-11
2,1963,1,0.0002780595
3,1963,1,0.002922426
4,1963,1,0.008390753
5,1963,1,0.02038669
6,1963,1,0.06540744
7,1963,1,0.06946981
8,1963,1,0.06138069
9,1963,1,0.0570581
10,1963,1,0.05504341
11,1963,1,0.05410871
12,1963,1,0.05410871
1,1964,1,4.695343e-11
2,1964,1,0.00025453
3,1964,1,0.002677226
4,1964,1,0.007829789
5,1964,1,0.02888073
6,1964,1,0.08660852
7,1964,1,0.07635621
8,1964,1,0.05854068
9,1964,1,0.05029493
10,1964,1,0.04677727
11,1964,1,0.04527983
12,1964,1,0.04527983
1,1965,1,6.488871e-11
2,1965,1,0.0003307105
3,1965,1,0.003478255
4,1965,1,0.01014533
5,1965,1,0.03335463
6,1965,1,0.1276754
7,1965,1,0.1220203
8,1965,1,0.09310962
9,1965,1,0.07821816
10,1965,1,0.07158816
11,1965,1,0.06873793
12,1965,1,0.06873793
1,1966,1,1.179343e-10
2,1966,1,0.0007912474
3,1966,1,0.008314738
4,1966,1,0.02379551
5,1966,1,0.05862656
6,1966,1,0.1715639
7,1966,1,0.1721097
8,1966,1,0.1470953
9,1966,1,0.1342629
10,1966,1,0.1284265
11,1966,1,0.1257983
12,1966,1,0.1257983
1,1967,1,1.267323e-10
2,1967,1,0.0009954526
3,1967,1,0.01045722
4,1967,1,0.02969784
5,1967,1,0.05643848
6,1967,1,0.1512739
7,1967,1,0.1656279
8,1967,1,0.1527215
9,1967,1,0.1456416
10,1967,1,0.1422791
11,1967,1,0.1406468
12,1967,1,0.1406468
1,1968,1,1.077248e-10
2,1968,1,0.0006471909
3,1968,1,0.006804672
4,1968,1,0.01970857
5,1968,1,0.04998499
6,1968,1,0.1272393
7,1968,1,0.1348361
8,1968,1,0.1249467
9,1968,1,0.1200001
10,1968,1,0.1176472
11,1968,1,0.1164648
12,1968,1,0.1164648
1,1969,1,1.079236e-10
2,1969,1,0.0005709051
3,1969,1,0.006013019
4,1969,1,0.01809987
5,1969,1,0.07294715
6,1969,1,0.1599884
7,1969,1,0.1388729
8,1969,1,0.1138148
9,1969,1,0.1028965
10,1969,1,0.09824386
11,1969,1,0.0962041
12,1969,1,0.0962041
1,1970,1,1.519567e-10
2,1970,1,0.0009487933
3,1970,1,0.009983645
4,1970,1,0.02943023
5,1970,1,0.09157036
6,1970,1,0.2001985
7,1970,1,0.192214
8,1970,1,0.1669843
9,1970,1,0.1542937
10,1970,1,0.1484285
11,1970,1,0.145736
12,1970,1,0.145736
1,1971,1,1.82256e-10
2,1971,1,0.001480955
3,1971,1,0.01555842
4,1971,1,0.0442757
5,1971,1,0.0997027
6,1971,1,0.238231
7,1971,1,0.2367222
8,1971,1,0.2092584
9,1971,1,0.195625
10,1971,1,0.1894407
11,1971,1,0.1865951
12,1971,1,0.1865951
1,1972,1,1.757859e-10
2,1972,1,0.001460651
3,1972,1,0.0153506
4,1972,1,0.0440176
5,1972,1,0.09882781
6,1972,1,0.2432529
7,1972,1,0.2432437
8,1972,1,0.208367
9,1972,1,0.1899331
10,1972,1,0.1814952
11,1972,1,0.1777133
12,1972,1,0.1777133
1,1973,1,2.604262e-10
2,1973,1,0.002575552
3,1973,1,0.02706048
4,1973,1,0.07714585
5,1973,1,0.152933
6,1973,1,0.2875183
7,1973,1,0.2907063
8,1973,1,0.2720498
9,1973,1,0.2631404
10,1973,1,0.258959
11,1973,1,0.2568478
12,1973,1,0.2568478
1,1974,1,2.630736e-10
2,1974,1,0.003189748
3,1974,1,0.03350456
4,1974,1,0.09491417
5,1974,1,0.1625116
6,1974,1,0.3085189
7,1974,1,0.3040525
8,1974,1,0.2756545
9,1974,1,0.2631398
10,1974,1,0.257878
11,1974,1,0.2554636
12,1974,1,0.2554636
1,1975,1,1.433757e-10
2,1975,1,0.001324511
3,1975,1,0.01391673
4,1975,1,0.03969557
5,1975,1,0.07517011
6,1975,1,0.1675684
7,1975,1,0.1759562
8,1975,1,0.161444
9,1975,1,0.1541797
10,1975,1,0.1508805
11,1975,1,0.1493038
12,1975,1,0.1493038
1,1976,1,1.156979e-10
2,1976,1,0.0009025012
3,1976,1,0.009482533
4,1976,1,0.0270522
5,1976,1,0.05962279
6,1976,1,0.1464414
7,1976,1,0.1466787
8,1976,1,0.1316456
9,1976,1,0.1251532
10,1976,1,0.1224224
11,1976,1,0.1211521
12,1976,1,0.1211521
1,1977,1,2.206517e-10
2,1977,1,0.001437941
3,1977,1,0.01510005
4,1977,1,0.04253695
5,1977,1,0.07732862
6,1977,1,0.229576
7,1977,1,0.2674183
8,1977,1,0.2647795
9,1977,1,0.2635241
10,1977,1,0.2626005
11,1977,1,0.2617481
12,1977,1,0.2617481
1,1978,1,1.908771e-10
2,1978,1,0.001769812
3,1978,1,0.01858644
4,1978,1,0.05243923
5,1978,1,0.08814846
6,1978,1,0.2036302
7,1978,1,0.2221577
8,1978,1,0.2146106
9,1978,1,0.211669
10,1978,1,0.2103424
11,1978,1,0.209504
12,1978,1,0.209504
1,1979,1,1.511537e-10
2,1979,1,0.001558427
3,1979,1,0.01637158
4,1979,1,0.0465148
5,1979,1,0.08050142
6,1979,1,0.1390078
7,1979,1,0.151002
8,1979,1,0.1527639
9,1979,1,0.1546793
10,1979,1,0.1555659
11,1979,1,0.155739
12,1979,1,0.155739
1,1980,1,1.811628e-10
2,1980,1,0.002121874
3,1980,1,0.02230422
4,1980,1,0.06422708
5,1980,1,0.1281562
6,1980,1,0.2075488
7,1980,1,0.1954894
8,1980,1,0.1741645
9,1980,1,0.1649571
10,1980,1,0.1611667
11,1980,1,0.1594812
12,1980,1,0.1594812
1,1981,1,2.046874e-10
2,1981,1,0.002109035
3,1981,1,0.02217051
4,1981,1,0.06394583
5,1981,1,0.1469375
6,1981,1,0.271514
7,1981,1,0.2449554
8,1981,1,0.2070537
9,1981,1,0.1895688
10,1981,1,0.1820362
11,1981,1,0.1787465
12,1981,1,0.1787465
1,1982,1,1.290954e-05
2,1982,1,0.001853824
3,1982,1,0.01858187
4,1982,1,0.0530086
5,1982,1,0.1384639
6,1982,1,0.3047786
7,1982,1,0.2719938
8,1982,1,0.2276404
9,1982,1,0.2084221
10,1982,1,0.2003512
11,1982,1,0.1968245
12,1982,1,0.1968245
1,1983,1,0.0004291187
2,1983,1,0.005108073
3,1983,1,0.02368175
4,1983,1,0.05280064
5,1983,1,0.0950365
6,1983,1,0.209052
7,1983,1,0.2041551
8,1983,1,0.1792488
9,1983,1,0.1677146
10,1983,1,0.1627662
11,1983,1,0.1605508
12,1983,1,0.1605508
1,1984,1,0.001690322
2,1984,1,0.01712568
3,1984,1,0.04499612
4,1984,1,0.05482221
5,1984,1,0.07734142
6,1984,1,0.1602237
7,1984,1,0.1750638
8,1984,1,0.1722092
9,1984,1,0.1716512
10,1984,1,0.1713947
11,1984,1,0.1710463
12,1984,1,0.1710463
1,1985,1,0.001830491
2,1985,1,0.01800482
3,1985,1,0.04825736
4,1985,1,0.06284875
5,1985,1,0.08034027
6,1985,1,0.1402021
7,1985,1,0.1485614
8,1985,1,0.1424209
9,1985,1,0.1395045
10,1985,1,0.1381953
11,1985,1,0.1374946
12,1985,1,0.1374946
1,1986,1,0.001180558
2,1986,1,0.01513488
3,1986,1,0.05051502
4,1986,1,0.07861227
5,1986,1,0.10556
6,1986,1,0.1819943
7,1986,1,0.1825932
8,1986,1,0.1685148
9,1986,1,0.1620912
10,1986,1,0.159347
11,1986,1,0.1580613
12,1986,1,0.1580613
1,1987,1,0.00119031
2,1987,1,0.01256253
3,1987,1,0.03903666
4,1987,1,0.0488449
5,1987,1,0.06287282
6,1987,1,0.1203218
7,1987,1,0.1307318
8,1987,1,0.1241202
9,1987,1,0.1204196
10,1987,1,0.1186404
11,1987,1,0.1177363
12,1987,1,0.1177363
1,1988,1,0.0008996884
2,1988,1,0.01487774
3,1988,1,0.0660275
4,1988,1,0.0842215
5,1988,1,0.106577
6,1988,1,0.2240151
7,1988,1,0.222685
8,1988,1,0.1962406
9,1988,1,0.183636
10,1988,1,0.178211
11,1988,1,0.1758063
12,1988,1,0.1758063
1,1989,1,0.002714826
2,1989,1,0.06849631
3,1989,1,0.233624
4,1989,1,0.240788
5,1989,1,0.1570562
6,1989,1,0.1850963
7,1989,1,0.1643437
8,1989,1,0.1473581
9,1989,1,0.140606
10,1989,1,0.1379158
11,1989,1,0.1367358
12,1989,1,0.1367358
1,1990,1,0.0009203687
2,1990,1,0.02246561
3,1990,1,0.08845115
4,1990,1,0.09368021
5,1990,1,0.09446304
6,1990,1,0.1490831
7,1990,1,0.1362623
8,1990,1,0.1157384
9,1990,1,0.1057188
10,1990,1,0.1012682
11,1990,1,0.09929936
12,1990,1,0.09929936
1,1991,1,0.001839274
2,1991,1,0.01840553
3,1991,1,0.06083911
4,1991,1,0.05974304
5,1991,1,0.0794698
6,1991,1,0.2164782
7,1991,1,0.2205274
8,1991,1,0.1864217
9,1991,1,0.1688681
10,1991,1,0.1611636
11,1991,1,0.1578129
12,1991,1,0.1578129
1,1992,1,0.002039607
2,1992,1,0.02030021
3,1992,1,0.06753
4,1992,1,0.0822682
5,1992,1,0.09633979
6,1992,1,0.1785595
7,1992,1,0.212004
8,1992,1,0.2198756
9,1992,1,0.2245843
10,1992,1,0.2267648
11,1992,1,0.2274329
12,1992,1,0.2274329
1,1993,1,0.001435482
2,1993,1,0.01397516
3,1993,1,0.04557193
4,1993,1,0.07174636
5,1993,1,0.1087628
6,1993,1,0.1578978
7,1993,1,0.165567
8,1993,1,0.1641449
9,1993,1,0.1643272
10,1993,1,0.1645238
11,1993,1,0.1644422
12,1993,1,0.1644422
1,1994,1,0.002539254
2,1994,1,0.02287378
3,1994,1,0.06096773
4,1994,1,0.0676172
5,1994,1,0.1314255
6,1994,1,0.2023674
7,1994,1,0.185065
8,1994,1,0.162245
9,1994,1,0.1516018
10,1994,1,0.1470899
11,1994,1,0.1451425
12,1994,1,0.1451425
1,1995,1,0.002632413
2,1995,1,0.02261641
3,1995,1,0.05172702
4,1995,1,0.03855914
5,1995,1,0.07927703
6,1995,1,0.1746988
7,1995,1,0.1711053
8,1995,1,0.1496101
9,1995,1,0.1397177
10,1995,1,0.1357038
11,1995,1,0.1340126
12,1995,1,0.1340126
1,1996,1,0.002308199
2,1996,1,0.02052069
3,1996,1,0.05229831
4,1996,1,0.05156647
5,1996,1,0.09772945
6,1996,1,0.2160621
7,1996,1,0.2073736
8,1996,1,0.1718426
9,1996,1,0.1542006
10,1996,1,0.1467974
11,1996,1,0.1437413
12,1996,1,0.1437413
1,1997,1,0.001427207
2,1997,1,0.01334561
3,1997,1,0.03905403
4,1997,1,0.04990895
5,1997,1,0.0893406
6,1997,1,0.199698
7,1997,1,0.2113044
8,1997,1,0.1849508
9,1997,1,0.1693133
10,1997,1,0.1619117
11,1997,1,0.1585168
12,1997,1,0.1585168
1,1998,1,0.002853512
2,1998,1,0.02489479
3,1998,1,0.0601888
4,1998,1,0.0602593
5,1998,1,0.1218063
6,1998,1,0.3353847
7,1998,1,0.3361213
8,1998,1,0.2761239
9,1998,1,0.2443694
10,1998,1,0.2302984
11,1998,1,0.224201
12,1998,1,0.224201
1,1999,1,0.001413558
2,1999,1,0.01343742
3,1999,1,0.04036193
4,1999,1,0.05079767
5,1999,1,0.08047398
6,1999,1,0.1728726
7,1999,1,0.1938774
8,1999,1,0.1810224
9,1999,1,0.1729496
10,1999,1,0.1692739
11,1999,1,0.1675876
12,1999,1,0.1675876
1,2000,1,0.002090073
2,2000,1,0.01935601
3,2000,1,0.05429728
4,2000,1,0.05442441
5,2000,1,0.1102234
6,2000,1,0.2167256
7,2000,1,0.2125399
8,2000,1,0.1831142
9,2000,1,0.1676231
10,2000,1,0.1607505
11,2000,1,0.1577278
12,2000,1,0.1577278
1,2001,1,0.001391828
2,2001,1,0.01379826
3,2001,1,0.04542117
4,2001,1,0.06857394
5,2001,1,0.1473011
6,2001,1,0.3917978
7,2001,1,0.3857292
8,2001,1,0.311104
9,2001,1,0.2701233
10,2001,1,0.2513307
11,2001,1,0.24297
12,2001,1,0.24297
1,2002,1,0.0015069
2,2002,1,0.01514888
3,2002,1,0.05196933
4,2002,1,0.09254153
5,2002,1,0.2482588
6,2002,1,0.6417775
7,2002,1,0.6348516
8,2002,1,0.5160442
9,2002,1,0.4521761
10,2002,1,0.4233345
11,2002,1,0.4105388
12,2002,1,0.4105388
1,2003,1,0.001222406
2,2003,1,0.01257638
3,2003,1,0.04498709
4,2003,1,0.08373186
5,2003,1,0.1850521
6,2003,1,0.5640569
7,2003,1,0.6080095
8,2003,1,0.5229146
9,2003,1,0.473638
10,2003,1,0.4508382
11,2003,1,0.4405701
12,2003,1,0.4405701
1,2004,1,0.001148167
2,2004,1,0.01170098
3,2004,1,0.0417666
4,2004,1,0.08179497
5,2004,1,0.1919912
6,2004,1,0.4620546
7,2004,1,0.4987918
8,2004,1,0.4446759
9,2004,1,0.4127582
10,2004,1,0.3978971
11,2004,1,0.3910903
12,2004,1,0.3910903
1,2005,1,0.001243395
2,2005,1,0.01218531
3,2005,1,0.04062812
4,2005,1,0.07867204
5,2005,1,0.2121077
6,2005,1,0.5531608
7,2005,1,0.567762
8,2005,1,0.4852675
9,2005,1,0.4400427
10,2005,1,0.4194866
11,2005,1,0.4102303
12,2005,1,0.4102303
1,2006,1,0.001182664
2,2006,1,0.01082521
3,2006,1,0.03051855
4,2006,1,0.05152993
5,2006,1,0.1729043
6,2006,1,0.4860265
7,2006,1,0.5132583
8,2006,1,0.4449218
9,2006,1,0.4090188
10,2006,1,0.3950002
11,2006,1,0.3897531
12,2006,1,0.3897531
1,2007,1,0.0007246108
2,2007,1,0.006833878
3,2007,1,0.02096946
4,2007,1,0.04385383
5,2007,1,0.1410849
6,2007,1,0.4326892
7,2007,1,0.4662315
8,2007,1,0.4104276
9,2007,1,0.3895021
10,2007,1,0.3891457
11,2007,1,0.3930777
12,2007,1,0.3930777
1,2008,1,0.001038678
2,2008,1,0.009004854
3,2008,1,0.02187309
4,2008,1,0.03595134
5,2008,1,0.1967513
6,2008,1,0.4255279
7,2008,1,0.3889186
8,2008,1,0.3238832
9,2008,1,0.293341
10,2008,1,0.2808427
11,2008,1,0.2756911
12,2008,1,0.2756911
1,2009,1,0.0005904479
2,2009,1,0.005830934
3,2009,1,0.02007406
4,2009,1,0.0541107
5,2009,1,0.3562121
6,2009,1,0.7547374
7,2009,1,0.6408803
8,2009,1,0.4830301
9,2009,1,0.4084964
10,2009,1,0.3783421
11,2009,1,0.3664827
12,2009,1,0.3664827
1,2010,1,0.0006589261
2,2010,1,0.00694346
3,2010,1,0.02734376
4,2010,1,0.07738691
5,2010,1,0.3340533
6,2010,1,1.088992
7,2010,1,1.047616
8,2010,1,0.8029455
9,2010,1,0.6746142
10,2010,1,0.6186257
11,2010,1,0.5949432
12,2010,1,0.5949432
1,2011,1,0.0009288133
2,2011,1,0.008342686
3,2011,1,0.02274303
4,2011,1,0.04253834
5,2011,1,0.1469182
6,2011,1,0.5377492
7,2011,1,0.5951944
8,2011,1,0.5270581
9,2011,1,0.4897113
10,2011,1,0.4735829
11,2011,1,0.4666232
12,2011,1,0.4666232
1,2012,1,0.0008013791
2,2012,1,0.007254131
3,2012,1,0.02033017
4,2012,1,0.04149973
5,2012,1,0.1870433
6,2012,1,0.5579034
7,2012,1,0.5598246
8,2012,1,0.4742011
9,2012,1,0.4306434
10,2012,1,0.411453
11,2012,1,0.4029438
12,2012,1,0.4029438
1,2013,1,0.0008456893
2,2013,1,0.007955062
3,2013,1,0.02428816
4,2013,1,0.04703226
5,2013,1,0.2015073
6,2013,1,0.6378324
7,2013,1,0.6377753
8,2013,1,0.5321621
9,2013,1,0.4795078
10,2013,1,0.4571109
11,2013,1,0.4475829
12,2013,1,0.4475829
1,2014,1,0.001018017
2,2014,1,0.00968692
3,2014,1,0.03020749
4,2014,1,0.05517993
5,2014,1,0.1458925
6,2014,1,0.6012935
7,2014,1,0.6717697
8,2014,1,0.5683498
9,2014,1,0.5062946
10,2014,1,0.4773211
11,2014,1,0.4642506
12,2014,1,0.4642506
1,2015,1,0.000942716
2,2015,1,0.00908849
3,2015,1,0.02956868
4,2015,1,0.06007933
5,2015,1,0.1311575
6,2015,1,0.5048097
7,2015,1,0.5801703
8,2015,1,0.5064015
9,2015,1,0.4615655
10,2015,1,0.441486
11,2015,1,0.4328522
12,2015,1,0.4328522
1,2016,1,0.0006678377
2,2016,1,0.00696505
3,2016,1,0.02628669
4,2016,1,0.05741837
5,2016,1,0.142498
6,2016,1,0.4484102
7,2016,1,0.4948715
8,2016,1,0.4435999
9,2016,1,0.4170794
10,2016,1,0.406962
11,2016,1,0.4032073
12,2016,1,0.4032073
1,2017,1,0.0007856999
2,2017,1,0.008289637
3,2017,1,0.03193235
4,2017,1,0.07093568
5,2017,1,0.2831797
6,2017,1,0.6177093
7,2017,1,0.5545597
8,2017,1,0.4500802
9,2017,1,0.3998444
10,2017,1,0.3783359
11,2017,1,0.3691635
12,2017,1,0.3691635
1,2018,1,0.001368671
2,2018,1,0.0129748
3,2018,1,0.04035422
4,2018,1,0.07362292
5,2018,1,0.2081361
6,2018,1,0.6207568
7,2018,1,0.6297096
8,2018,1,0.5212766
9,2018,1,0.4625874
10,2018,1,0.4364134
11,2018,1,0.4250381
12,2018,1,0.4250381
1,2019,1,0.0009083406
2,2019,1,0.009210211
3,2019,1,0.03271427
4,2019,1,0.06385597
5,2019,1,0.1751414
6,2019,1,0.6473323
7,2019,1,0.6830321
8,2019,1,0.5587925
9,2019,1,0.4879827
10,2019,1,0.4558412
11,2019,1,0.441859
12,2019,1,0.441859
1,2020,1,0.0009202769
2,2020,1,0.01004514
3,2020,1,0.04087912
4,2020,1,0.08888371
5,2020,1,0.2082469
6,2020,1,0.5701957
7,2020,1,0.5983695
8,2020,1,0.5272106
9,2020,1,0.4917487
10,2020,1,0.4777329
11,2020,1,0.4722469
12,2020,1,0.4722469
1,2021,1,0.00114592
2,2021,1,0.01039706
3,2021,1,0.02879255
4,2021,1,0.04509344
5,2021,1,0.1527597
6,2021,1,0.5126317
7,2021,1,0.5288339
8,2021,1,0.4454309
9,2021,1,0.4011481
10,2021,1,0.3825462
11,2021,1,0.3750263
12,2021,1,0.3750263
1,2022,1,0.001801343
2,2022,1,0.01581177
3,2022,1,0.039387
4,2022,1,0.05001694
5,2022,1,0.1845674
6,2022,1,0.7096116
7,2022,1,0.7102779
8,2022,1,0.5523214
9,2022,1,0.4669557
10,2022,1,0.4291582
11,2022,1,0.4130443
12,2022,1,0.4130443
1,1954,2,2.061154e-20
2,1954,2,2.061154e-20
3,1954,2,2.061154e-20
4,1954,2,2.061154e-20
5,1954,2,1.004566e-11
6,1954,2,1.002987e-11
7,1954,2,1.000345e-11
8,1954,2,9.980627e-12
9,1954,2,9.965728e-12
10,1954,2,9.957274e-12
11,1954,2,9.952874e-12
12,1954,2,9.952874e-12
1,1955,2,2.061154e-20
2,1955,2,2.061154e-20
3,1955,2,2.061154e-20
4,1955,2,2.061154e-20
5,1955,2,1.004566e-11
6,1955,2,1.002987e-11
7,1955,2,1.000345e-11
8,1955,2,9.980627e-12
9,1955,2,9.965728e-12
10,1955,2,9.957274e-12
11,1955,2,9.952874e-12
12,1955,2,9.952874e-12
1,1956,2,2.061154e-20
2,1956,2,2.061154e-20
3,1956,2,2.061154e-20
4,1956,2,2.061154e-20
5,1956,2,1.004566e-11
6,1956,2,1.002987e-11
7,1956,2,1.000345e-11
8,1956,2,9.980627e-12
9,1956,2,9.965728e-12
10,1956,2,9.957274e-12
11,1956,2,9.952874e-12
12,1956,2,9.952874e-12
1,1957,2,1.102727e-13
2,1957,2,1.102727e-13
3,1957,2,1.102727e-13
4,1957,2,3.766855e-07
5,1957,2,1.364506e-05
6,1957,2,0.0001604733
7,1957,2,8.89292e-05
8,1957,2,2.85761e-05
9,1957,2,1.236843e-05
10,1957,2,7.571554e-06
11,1957,2,5.881685e-06
12,1957,2,5.881685e-06
1,1958,2,1.128183e-12
2,1958,2,1.128183e-12
3,1958,2,1.128183e-12
4,1958,2,3.712181e-06
5,1958,2,0.0001344714
6,1958,2,0.001601853
7,1958,2,0.001074744
8,1958,2,0.0004485597
9,1958,2,0.0002207205
10,1958,2,0.0001412626
11,1958,2,0.0001111747
12,1958,2,0.0001111747
1,1959,2,1.47274e-12
2,1959,2,1.47274e-12
3,1959,2,1.47274e-12
4,1959,2,2.846729e-06
5,1959,2,0.0001031412
6,1959,2,0.001527523
7,1959,2,0.003730946
8,1959,2,0.002790424
9,1959,2,0.001617543
10,1959,2,0.001084964
11,1959,2,0.0008650218
12,1959,2,0.0008650218
1,1960,2,2.121856e-12
2,1960,2,2.121856e-12
3,1960,2,2.121856e-12
4,1960,2,4.086041e-06
5,1960,2,0.0001480437
6,1960,2,0.002196444
7,1960,2,0.005393299
8,1960,2,0.00403729
9,1960,2,0.002340717
10,1960,2,0.0015701
11,1960,2,0.001251826
12,1960,2,0.001251826
1,1961,2,3.088671e-12
2,1961,2,3.138914e-07
3,1961,2,1.350728e-05
4,1961,2,0.0002021618
5,1961,2,0.0003927592
6,1961,2,0.003614627
7,1961,2,0.005403425
8,1961,2,0.003620385
9,1961,2,0.002054614
10,1961,2,0.00137209
11,1961,2,0.001093496
12,1961,2,0.001093496
1,1962,2,1.676881e-11
2,1962,2,1.224911e-06
3,1962,2,5.27098e-05
4,1962,2,0.0008106602
5,1962,2,0.002320818
6,1962,2,0.02256079
7,1962,2,0.01830973
8,1962,2,0.009118619
9,1962,2,0.00478955
10,1962,2,0.003132999
11,1962,2,0.002484159
12,1962,2,0.002484159
1,1963,2,5.648369e-11
2,1963,2,0.0001270878
3,1963,2,0.002285515
4,1963,2,0.02168544
5,1963,2,0.01925222
6,1963,2,0.06094709
7,1963,2,0.05668263
8,1963,2,0.03216492
9,1963,2,0.01810804
10,1963,2,0.01242671
11,1963,2,0.01016642
12,1963,2,0.01016642
1,1964,2,4.29286e-11
2,1964,2,3.49491e-05
3,1964,2,0.0009309001
4,1964,2,0.01143586
5,1964,2,0.0097751
6,1964,2,0.03919063
7,1964,2,0.08917964
8,1964,2,0.06641916
9,1964,2,0.03867475
10,1964,2,0.02609834
11,1964,2,0.02090967
12,1964,2,0.02090967
1,1965,2,3.484072e-11
2,1965,2,1.142865e-05
3,1965,2,0.0004567246
4,1965,2,0.006536513
5,1965,2,0.006917898
6,1965,2,0.03895868
7,1965,2,0.05265733
8,1965,2,0.03432942
9,1965,2,0.01942808
10,1965,2,0.01300399
11,1965,2,0.01039119
12,1965,2,0.01039119
1,1966,2,5.179076e-11
2,1966,2,1.922545e-05
3,1966,2,0.0006899344
4,1966,2,0.00958728
5,1966,2,0.01083222
6,1966,2,0.06263444
7,1966,2,0.05940211
8,1966,2,0.03311443
9,1966,2,0.01808029
10,1966,2,0.01201938
11,1966,2,0.009605322
12,1966,2,0.009605322
1,1967,2,3.857735e-11
2,1967,2,3.599852e-05
3,1967,2,0.0008614014
4,1967,2,0.009976918
5,1967,2,0.007222546
6,1967,2,0.02379429
7,1967,2,0.1284812
8,1967,2,0.1053997
9,1967,2,0.06232434
10,1967,2,0.04213901
11,1967,2,0.03373428
12,1967,2,0.03373428
1,1968,2,3.393262e-11
2,1968,2,6.417731e-05
3,1968,2,0.001361592
4,1968,2,0.01462369
5,1968,2,0.009851806
6,1968,2,0.01666163
7,1968,2,0.1097286
8,1968,2,0.09149458
9,1968,2,0.05440808
10,1968,2,0.03693637
11,1968,2,0.02965302
12,1968,2,0.02965302
1,1969,2,2.570802e-11
2,1969,2,5.024185e-05
3,1969,2,0.001487005
4,1969,2,0.019029
5,1969,2,0.01251774
6,1969,2,0.01392075
7,1969,2,0.04784999
8,1969,2,0.03838518
9,1969,2,0.02285164
10,1969,2,0.01562674
11,1969,2,0.01262776
12,1969,2,0.01262776
1,1970,2,3.789377e-11
2,1970,2,7.243562e-05
3,1970,2,0.001776788
4,1970,2,0.02085676
5,1970,2,0.01497012
6,1970,2,0.02800133
7,1970,2,0.06680424
8,1970,2,0.05079295
9,1970,2,0.02993761
10,1970,2,0.02041755
11,1970,2,0.01648528
12,1970,2,0.01648528
1,1971,2,5.815429e-11
2,1971,2,6.063073e-05
3,1971,2,0.001566888
4,1971,2,0.01887933
5,1971,2,0.01298301
6,1971,2,0.033138
7,1971,2,0.1906762
8,1971,2,0.1572548
9,1971,2,0.09312458
10,1971,2,0.06302
11,1971,2,0.05048011
12,1971,2,0.05048011
1,1972,2,9.123107e-11
2,1972,2,5.678546e-05
3,1972,2,0.001089513
4,1972,2,0.01091618
5,1972,2,0.009278448
6,1972,2,0.05911182
7,1972,2,0.3389318
8,1972,2,0.2784736
9,1972,2,0.1644629
10,1972,2,0.1110102
11,1972,2,0.08874741
12,1972,2,0.08874741
1,1973,2,7.834113e-11
2,1973,2,0.0002609811
3,1973,2,0.003981211
4,1973,2,0.03152798
5,1973,2,0.02481643
6,1973,2,0.05312792
7,1973,2,0.2056062
8,1973,2,0.1655409
9,1973,2,0.09838647
10,1973,2,0.06712033
11,1973,2,0.05413113
12,1973,2,0.05413113
1,1974,2,4.646441e-11
2,1974,2,0.0002577766
3,1974,2,0.003958943
4,1974,2,0.03158279
5,1974,2,0.02346636
6,1974,2,0.02684451
7,1974,2,0.09638013
8,1974,2,0.07819993
9,1974,2,0.04712182
10,1974,2,0.03261846
11,1974,2,0.02659515
12,1974,2,0.02659515
1,1975,2,3.124262e-11
2,1975,2,1.821596e-05
3,1975,2,0.0005221377
4,1975,2,0.006609161
5,1975,2,0.004922554
6,1975,2,0.02028102
7,1975,2,0.1050338
8,1975,2,0.08580702
9,1975,2,0.05065372
10,1975,2,0.03420303
11,1975,2,0.02735529
12,1975,2,0.02735529
1,1976,2,2.79977e-11
2,1976,2,8.787248e-06
3,1976,2,0.000369383
4,1976,2,0.005309452
5,1976,2,0.003922483
6,1976,2,0.01811692
7,1976,2,0.09639541
8,1976,2,0.07883921
9,1976,2,0.04651672
10,1976,2,0.0313849
11,1976,2,0.02508521
12,1976,2,0.02508521
1,1977,2,3.628686e-11
2,1977,2,2.103508e-05
3,1977,2,0.0008794876
4,1977,2,0.01261754
5,1977,2,0.009087043
6,1977,2,0.02629663
7,1977,2,0.09205362
8,1977,2,0.07284525
9,1977,2,0.04283452
10,1977,2,0.0289389
11,1977,2,0.02317237
12,1977,2,0.02317237
1,1978,2,7.767431e-11
2,1978,2,5.763599e-05
3,1978,2,0.001624663
4,1978,2,0.02038265
5,1978,2,0.01396989
6,1978,2,0.04360311
7,1978,2,0.2747579
8,1978,2,0.227502
9,1978,2,0.1346605
10,1978,2,0.09102123
11,1978,2,0.07283549
12,1978,2,0.07283549
1,1979,2,2.712522e-11
2,1979,2,3.17645e-05
3,1979,2,0.0009219874
4,1979,2,0.01170544
5,1979,2,0.007756786
6,1979,2,0.01448188
7,1979,2,0.08214038
8,1979,2,0.06782419
9,1979,2,0.04021864
10,1979,2,0.02725443
11,1979,2,0.02185437
12,1979,2,0.02185437
1,1980,2,2.48828e-11
2,1980,2,2.534961e-05
3,1980,2,0.0009743441
4,1980,2,0.01363567
5,1980,2,0.008890312
6,1980,2,0.01371138
7,1980,2,0.06251575
8,1980,2,0.05095862
9,1980,2,0.03019254
10,1980,2,0.02048121
11,1980,2,0.01644142
12,1980,2,0.01644142
1,1981,2,5.079271e-11
2,1981,2,7.711137e-05
3,1981,2,0.001846333
4,1981,2,0.02141951
5,1981,2,0.01648051
6,1981,2,0.04305834
7,1981,2,0.09071618
8,1981,2,0.06710613
9,1981,2,0.03924012
10,1981,2,0.02664318
11,1981,2,0.02145252
12,1981,2,0.02145252
1,1982,2,4.367328e-11
2,1982,2,9.517893e-05
3,1982,2,0.001543543
4,1982,2,0.01314419
5,1982,2,0.009979174
6,1982,2,0.02618086
7,1982,2,0.1436192
8,1982,2,0.1182712
9,1982,2,0.07018254
10,1982,2,0.04762112
11,1982,2,0.03822559
12,1982,2,0.03822559
1,1983,2,4.481512e-11
2,1983,2,2.284588e-05
3,1983,2,0.0008457294
4,1983,2,0.01174079
5,1983,2,0.008905655
6,1983,2,0.03310513
7,1983,2,0.1254841
8,1983,2,0.09993106
9,1983,2,0.05876548
10,1983,2,0.03966417
11,1983,2,0.03173175
12,1983,2,0.03173175
1,1984,2,2.915944e-11
2,1984,2,9.081147e-05
3,1984,2,0.001995361
4,1984,2,0.02192566
5,1984,2,0.01458703
6,1984,2,0.01344134
7,1984,2,0.06391454
8,1984,2,0.05284529
9,1984,2,0.03166433
10,1984,2,0.02171333
11,1984,2,0.01757151
12,1984,2,0.01757151
1,1985,2,2.234657e-11
2,1985,2,1.898942e-05
3,1985,2,0.0007259934
4,1985,2,0.01013941
5,1985,2,0.006431997
6,1985,2,0.01065587
7,1985,2,0.07077843
8,1985,2,0.05896212
9,1985,2,0.034986
10,1985,2,0.02369336
11,1985,2,0.01898577
12,1985,2,0.01898577
1,1986,2,4.052904e-11
2,1986,2,2.383474e-05
3,1986,2,0.0009935649
4,1986,2,0.01424112
5,1986,2,0.01018507
6,1986,2,0.02889565
7,1986,2,0.1042244
8,1986,2,0.08274346
9,1986,2,0.04868194
10,1986,2,0.03289341
11,1986,2,0.02633941
12,1986,2,0.02633941
1,1987,2,4.732004e-07
2,1987,2,0.0002708248
3,1987,2,0.004379348
4,1987,2,0.0376953
5,1987,2,0.03067219
6,1987,2,0.07232959
7,1987,2,0.1478658
8,1987,2,0.1094784
9,1987,2,0.06452471
10,1987,2,0.04420963
11,1987,2,0.03584291
12,1987,2,0.03584291
1,1988,2,6.549746e-11
2,1988,2,0.0001112731
3,1988,2,0.002407729
4,1988,2,0.02626404
5,1988,2,0.01992373
6,1988,2,0.05026627
7,1988,2,0.1441881
8,1988,2,0.1119097
9,1988,2,0.06589654
10,1988,2,0.04473725
11,1988,2,0.03597547
12,1988,2,0.03597547
1,1989,2,5.035241e-11
2,1989,2,3.447486e-05
3,1989,2,0.001054334
4,1989,2,0.013677
5,1989,2,0.009264255
6,1989,2,0.0279875
7,1989,2,0.1773991
8,1989,2,0.1469426
9,1989,2,0.08697655
10,1989,2,0.05878651
11,1989,2,0.04703854
12,1989,2,0.04703854
1,1990,2,3.838356e-11
2,1990,2,4.851131e-05
3,1990,2,0.002060968
4,1990,2,0.02962551
5,1990,2,0.01909626
6,1990,2,0.02107091
7,1990,2,0.06469332
8,1990,2,0.05124526
9,1990,2,0.03040855
10,1990,2,0.02075753
11,1990,2,0.01675627
12,1990,2,0.01675627
1,1991,2,1.095012e-06
2,1991,2,6.078357e-05
3,1991,2,0.002114454
4,1991,2,0.02981919
5,1991,2,0.02102369
6,1991,2,0.048352
7,1991,2,0.1300613
8,1991,2,0.09998007
9,1991,2,0.05864241
10,1991,2,0.03969282
11,1991,2,0.03185268
12,1991,2,0.03185268
1,1992,2,0.000112675
2,1992,2,0.001354632
3,1992,2,0.006688529
4,1992,2,0.02196247
5,1992,2,0.0169543
6,1992,2,0.06343501
7,1992,2,0.1961254
8,1992,2,0.152888
9,1992,2,0.08973596
10,1992,2,0.06064847
11,1992,2,0.04859484
12,1992,2,0.04859484
1,1993,2,6.107163e-11
2,1993,2,0.0001211108
3,1993,2,0.003504699
4,1993,2,0.04444742
5,1993,2,0.02976374
6,1993,2,0.03675873
7,1993,2,0.1014079
8,1993,2,0.07933469
9,1993,2,0.04711909
10,1993,2,0.03226462
11,1993,2,0.02611429
12,1993,2,0.02611429
1,1994,2,2.308278e-06
2,1994,2,0.000180136
3,1994,2,0.004064516
4,1994,2,0.04769488
5,1994,2,0.03235036
6,1994,2,0.03867423
7,1994,2,0.09255098
8,1994,2,0.07127741
9,1994,2,0.04242614
10,1994,2,0.02919894
11,1994,2,0.0237332
12,1994,2,0.0237332
1,1995,2,4.526263e-11
2,1995,2,4.638975e-05
3,1995,2,0.001865354
4,1995,2,0.02647875
5,1995,2,0.01879135
6,1995,2,0.03753208
7,1995,2,0.05556568
8,1995,2,0.03812742
9,1995,2,0.02207743
10,1995,2,0.01502483
11,1995,2,0.01214434
12,1995,2,0.01214434
1,1996,2,3.510168e-11
2,1996,2,6.441769e-05
3,1996,2,0.001598461
4,1996,2,0.0188729
5,1996,2,0.01332244
6,1996,2,0.02409161
7,1996,2,0.07107222
8,1996,2,0.05561188
9,1996,2,0.03286892
10,1996,2,0.02238117
11,1996,2,0.01803621
12,1996,2,0.01803621
1,1997,2,2.532967e-05
2,1997,2,0.0003166279
3,1997,2,0.001919698
4,1997,2,0.01057485
5,1997,2,0.00790317
6,1997,2,0.025548
7,1997,2,0.08153304
8,1997,2,0.06385259
9,1997,2,0.03751025
10,1997,2,0.02535735
11,1997,2,0.02031917
12,1997,2,0.02031917
1,1998,2,8.930101e-07
2,1998,2,3.954737e-05
3,1998,2,0.0006994059
4,1998,2,0.00743544
5,1998,2,0.007271959
6,1998,2,0.04917671
7,1998,2,0.1979788
8,1998,2,0.1582003
9,1998,2,0.09298086
10,1998,2,0.06268429
11,1998,2,0.05009694
12,1998,2,0.05009694
1,1999,2,3.821271e-05
2,1999,2,0.0004945443
3,1999,2,0.003159705
4,1999,2,0.01812124
5,1999,2,0.01423921
6,1999,2,0.04394039
7,1999,2,0.08556394
8,1999,2,0.06214159
9,1999,2,0.03616006
10,1999,2,0.02449299
11,1999,2,0.01969398
12,1999,2,0.01969398
1,2000,2,4.898092e-11
2,2000,2,6.135249e-05
3,2000,2,0.001447747
4,2000,2,0.01661908
5,2000,2,0.01141177
6,2000,2,0.0270597
7,2000,2,0.1617776
8,2000,2,0.1338111
9,2000,2,0.07931801
10,2000,2,0.05371316
11,2000,2,0.04304525
12,2000,2,0.04304525
1,2001,2,3.75965e-07
2,2001,2,9.602925e-05
3,2001,2,0.002689617
4,2001,2,0.03401608
5,2001,2,0.02324797
6,2001,2,0.03763995
7,2001,2,0.1169164
8,2001,2,0.0921232
9,2001,2,0.0544859
10,2001,2,0.03708684
11,2001,2,0.02987392
12,2001,2,0.02987392
1,2002,2,8.084418e-05
2,2002,2,0.001338498
3,2002,2,0.01105529
4,2002,2,0.07218065
5,2002,2,0.06097748
6,2002,2,0.1770517
7,2002,2,0.2221042
8,2002,2,0.1441163
9,2002,2,0.08308078
10,2002,2,0.056888
11,2002,2,0.04626497
12,2002,2,0.04626497
1,2003,2,8.432704e-05
2,2003,2,0.001513062
3,2003,2,0.01227764
4,2003,2,0.07084307
5,2003,2,0.06664609
6,2003,2,0.2369671
7,2003,2,0.3098261
8,2003,2,0.2029756
9,2003,2,0.1169031
10,2003,2,0.07980923
11,2003,2,0.06474009
12,2003,2,0.06474009
1,2004,2,3.927083e-07
2,2004,2,0.0004520293
3,2004,2,0.008426524
4,2004,2,0.08248131
5,2004,2,0.05804458
6,2004,2,0.05942706
7,2004,2,0.1462786
8,2004,2,0.1143758
9,2004,2,0.06899251
10,2004,2,0.04808627
11,2004,2,0.03944168
12,2004,2,0.03944168
1,2005,2,1.314101e-10
2,2005,2,0.0005180904
3,2005,2,0.009255064
4,2005,2,0.0869123
5,2005,2,0.06428223
6,2005,2,0.0945978
7,2005,2,0.1969071
8,2005,2,0.1483028
9,2005,2,0.08849642
10,2005,2,0.06131308
11,2005,2,0.05010934
12,2005,2,0.05010934
1,2006,2,9.987995e-06
2,2006,2,0.0004572482
3,2006,2,0.007096262
4,2006,2,0.06714204
5,2006,2,0.0483584
6,2006,2,0.07067026
7,2006,2,0.1758195
8,2006,2,0.135731
9,2006,2,0.08082179
10,2006,2,0.0556314
11,2006,2,0.04521754
12,2006,2,0.04521754
1,2007,2,4.268123e-11
2,2007,2,9.066438e-05
3,2007,2,0.00253224
4,2007,2,0.03162063
5,2007,2,0.02096803
6,2007,2,0.02363777
7,2007,2,0.0774401
8,2007,2,0.06185468
9,2007,2,0.03683621
10,2007,2,0.02521727
11,2007,2,0.02039668
12,2007,2,0.02039668
1,2008,2,6.661813e-11
2,2008,2,0.0002620953
3,2008,2,0.004870492
4,2008,2,0.04734163
5,2008,2,0.03396934
6,2008,2,0.04304878
7,2008,2,0.1076237
8,2008,2,0.08360029
9,2008,2,0.0500516
10,2008,2,0.03462979
11,2008,2,0.02825297
12,2008,2,0.02825297
1,2009,2,7.883232e-11
2,2009,2,0.0002338639
3,2009,2,0.004371951
4,2009,2,0.04279398
5,2009,2,0.03358463
6,2009,2,0.07120333
7,2009,2,0.09100043
8,2009,2,0.06019176
9,2009,2,0.03513728
10,2009,2,0.02431159
11,2009,2,0.01991546
12,2009,2,0.01991546
1,2010,2,7.518542e-11
2,2010,2,0.0001150424
3,2010,2,0.0023058
4,2010,2,0.02385778
5,2010,2,0.01877595
6,2010,2,0.05718988
7,2010,2,0.1908887
8,2010,2,0.1505054
9,2010,2,0.08867017
10,2010,2,0.06007899
11,2010,2,0.0482196
12,2010,2,0.0482196
1,2011,2,1.426493e-10
2,2011,2,0.00020124
3,2011,2,0.003818943
4,2011,2,0.03790427
5,2011,2,0.03158131
6,2011,2,0.1140809
7,2011,2,0.3663634
8,2011,2,0.2871844
9,2011,2,0.1688996
10,2011,2,0.1143157
11,2011,2,0.09168512
12,2011,2,0.09168512
1,2012,2,1.583936e-10
2,2012,2,0.0005080718
3,2012,2,0.008023626
4,2012,2,0.06638782
5,2012,2,0.05480403
6,2012,2,0.1334385
7,2012,2,0.297853
8,2012,2,0.2238366
9,2012,2,0.1320975
10,2012,2,0.09041125
11,2012,2,0.07321426
12,2012,2,0.07321426
1,2013,2,1.607074e-10
2,2013,2,0.0005694481
3,2013,2,0.00904705
4,2013,2,0.07535305
5,2013,2,0.06097427
6,2013,2,0.1331339
7,2013,2,0.2833243
8,2013,2,0.2118303
9,2013,2,0.1252878
10,2013,2,0.08604344
11,2013,2,0.06986698
12,2013,2,0.06986698
1,2014,2,1.898696e-10
2,2014,2,0.0002963819
3,2014,2,0.00481616
4,2014,2,0.04132283
5,2014,2,0.03910937
6,2014,2,0.1697494
7,2014,2,0.4494273
8,2014,2,0.3432447
9,2014,2,0.2010746
10,2014,2,0.1360628
11,2014,2,0.1091758
12,2014,2,0.1091758
1,2015,2,3.143842e-10
2,2015,2,0.0008905225
3,2015,2,0.01405409
4,2015,2,0.1160607
5,2015,2,0.09114242
6,2015,2,0.2145102
7,2015,2,0.8533504
8,2015,2,0.6874968
9,2015,2,0.4078767
10,2015,2,0.2776542
11,2015,2,0.223544
12,2015,2,0.223544
1,2016,2,2.190764e-10
2,2016,2,0.001588549
3,2016,2,0.02263034
4,2016,2,0.1628413
5,2016,2,0.1251061
6,2016,2,0.1319866
7,2016,2,0.3934692
8,2016,2,0.3160531
9,2016,2,0.1922485
10,2016,2,0.1346949
11,2016,2,0.1108356
12,2016,2,0.1108356
1,2017,2,2.275476e-10
2,2017,2,0.001057401
3,2017,2,0.01549867
4,2017,2,0.1164754
5,2017,2,0.09729523
6,2017,2,0.1998952
7,2017,2,0.3267176
8,2017,2,0.2329613
9,2017,2,0.1382542
10,2017,2,0.09610878
11,2017,2,0.07884301
12,2017,2,0.07884301
1,2018,2,2.907623e-10
2,2018,2,0.0004375952
3,2018,2,0.00787201
4,2018,2,0.0746822
5,2018,2,0.06525027
6,2018,2,0.2489274
7,2018,2,0.6899995
8,2018,2,0.530841
9,2018,2,0.3113979
10,2018,2,0.2107916
11,2018,2,0.1691559
12,2018,2,0.1691559
1,2019,2,1.544461e-10
2,2019,2,0.0002021636
3,2019,2,0.004221822
4,2019,2,0.04494313
5,2019,2,0.03348855
6,2019,2,0.1007626
7,2019,2,0.4750252
8,2019,2,0.3863679
9,2019,2,0.2284317
10,2019,2,0.1546329
11,2019,2,0.1239307
12,2019,2,0.1239307
1,2020,2,1.738525e-10
2,2020,2,0.000670996
3,2020,2,0.01062915
4,2020,2,0.08813935
5,2020,2,0.06826957
6,2020,2,0.1240679
7,2020,2,0.3657236
8,2020,2,0.2874485
9,2020,2,0.1711117
10,2020,2,0.1174018
11,2020,2,0.09514929
12,2020,2,0.09514929
1,2021,2,4.227251e-10
2,2021,2,0.0009884193
3,2021,2,0.01631018
4,2021,2,0.1420625
5,2021,2,0.1252456
6,2021,2,0.4008895
7,2021,2,0.7294033
8,2021,2,0.5235922
9,2021,2,0.3055128
10,2021,2,0.2080526
11,2021,2,0.168026
12,2021,2,0.168026
1,2022,2,1.951619e-10
2,2022,2,5.164019e-05
3,2022,2,0.0008342902
4,2022,2,0.007071646
5,2022,2,0.005284409
6,2022,2,0.0978372
7,2022,2,0.9016989
8,2022,2,0.7578363
9,2022,2,0.4487594
10,2022,2,0.3027818
11,2022,2,0.241859
12,2022,2,0.241859
1,1954,all,1.038807e-11
2,1954,all,5.864055e-06
3,1954,all,6.946002e-05
4,1954,all,0.000682852
5,1954,all,0.01457076
6,1954,all,0.01554799
7,1954,all,0.006306233
8,1954,all,0.002855676
9,1954,all,0.001757778
10,1954,all,0.001359147
11,1954,all,0.001197026
12,1954,all,0.001124371
1,1955,all,1.166543e-11
2,1955,all,8.682533e-05
3,1955,all,0.0009199827
4,1955,all,0.002817063
5,1955,all,0.01109819
6,1955,all,0.01750369
7,1955,all,0.01256184
8,1955,all,0.008814678
9,1955,all,0.007170101
10,1955,all,0.006430345
11,1955,all,0.006058875
12,1955,all,0.005688257
1,1956,all,8.463632e-12
2,1956,all,4.412529e-05
3,1956,all,0.0004646534
4,1956,all,0.001444293
5,1956,all,0.007600405
6,1956,all,0.01164347
7,1956,all,0.008277993
8,1956,all,0.006159534
9,1956,all,0.005248438
10,1956,all,0.004817784
11,1956,all,0.004586434
12,1956,all,0.004336892
1,1957,all,1.342316e-11
2,1957,all,3.389002e-05
3,1957,all,0.0003611964
4,1957,all,0.001236042
5,1957,all,0.008278383
6,1957,all,0.01470025
7,1957,all,0.01333496
8,1957,all,0.01162887
9,1957,all,0.01073509
10,1957,all,0.0102122
11,1957,all,0.009864721
12,1957,all,0.009364647
1,1958,all,1.992692e-11
2,1958,all,0.0001442988
3,1958,all,0.001526512
4,1958,all,0.004535903
5,1958,all,0.01417746
6,1958,all,0.02407345
7,1958,all,0.02085164
8,1958,all,0.01690043
9,1958,all,0.01494776
10,1958,all,0.01396421
11,1958,all,0.01340419
12,1958,all,0.01275584
1,1959,all,2.82438e-11
2,1959,all,0.0001760554
3,1959,all,0.001863383
4,1959,all,0.005459533
5,1959,all,0.01598852
6,1959,all,0.03110164
7,1959,all,0.03107553
8,1959,all,0.02705933
9,1959,all,0.02451544
10,1959,all,0.02307203
11,1959,all,0.02219881
12,1959,all,0.02117312
1,1960,all,2.961675e-11
2,1960,all,0.0001945303
3,1960,all,0.002051675
4,1960,all,0.005853939
5,1960,all,0.01523679
6,1960,all,0.03753106
7,1960,all,0.03723128
8,1960,all,0.03116207
9,1960,all,0.02756685
10,1960,all,0.02567545
11,1960,all,0.02459077
12,1960,all,0.0234721
1,1961,all,3.817448e-11
2,1961,all,0.0002062077
3,1961,all,0.002184119
4,1961,all,0.006731179
5,1961,all,0.02833861
6,1961,all,0.04479569
7,1961,all,0.03751107
8,1961,all,0.03051094
9,1961,all,0.0269405
10,1961,all,0.02511741
11,1961,all,0.02407864
12,1961,all,0.02297986
1,1962,all,4.503645e-11
2,1962,all,0.0001947136
3,1962,all,0.00206658
4,1962,all,0.006422286
5,1962,all,0.03136724
6,1962,all,0.07408473
7,1962,all,0.05934189
8,1962,all,0.04192378
9,1962,all,0.03379166
10,1962,all,0.0301395
11,1962,all,0.02835126
12,1962,all,0.02712713
1,1963,all,4.962243e-11
2,1963,all,0.0002529515
3,1963,all,0.002818044
4,1963,all,0.01080157
5,1963,all,0.02014496
6,1963,all,0.06430496
7,1963,all,0.06592925
8,1963,all,0.05271143
9,1963,all,0.04484627
10,1963,all,0.04103347
11,1963,all,0.0390669
12,1963,all,0.03770988
1,1964,all,4.622482e-11
2,1964,all,0.0002180116
3,1964,all,0.002391045
4,1964,all,0.008482829
5,1964,all,0.02486613
6,1964,all,0.07517481
7,1964,all,0.07977415
8,1964,all,0.06083689
9,1964,all,0.04666985
10,1964,all,0.03997608
11,1964,all,0.0369153
12,1964,all,0.03616069
1,1965,all,5.944915e-11
2,1965,all,0.0002776109
3,1965,all,0.00298307
4,1965,all,0.009491257
5,1965,all,0.02776515
6,1965,all,0.1061721
7,1965,all,0.1032708
8,1965,all,0.07642879
9,1965,all,0.06030511
10,1965,all,0.05257617
11,1965,all,0.0488799
12,1965,all,0.04703989
1,1966,all,1.059604e-10
2,1966,all,0.0006628529
3,1966,all,0.007065039
4,1966,all,0.02121761
5,1966,all,0.04846061
6,1966,all,0.1449291
7,1966,all,0.1406977
8,1966,all,0.1129911
9,1966,all,0.09802198
10,1966,all,0.09011391
11,1966,all,0.08570812
12,1966,all,0.08198825
1,1967,all,1.107737e-10
2,1967,all,0.0008358864
3,1967,all,0.008883902
4,1967,all,0.02610681
5,1967,all,0.04589073
6,1967,all,0.1195685
7,1967,all,0.1551276
8,1967,all,0.1380554
9,1967,all,0.1182821
10,1967,all,0.1080296
11,1967,all,0.1024929
12,1967,all,0.09906863
1,1968,all,9.436625e-11
2,1968,all,0.0005502302
3,1968,all,0.005912106
4,1968,all,0.01878113
5,1968,all,0.04133332
6,1968,all,0.09960566
7,1968,all,0.1275689
8,1968,all,0.1148247
9,1968,all,0.09871331
10,1968,all,0.08975404
11,1968,all,0.08512923
12,1968,all,0.08207747
1,1969,all,9.304019e-11
2,1969,all,0.0004843139
3,1969,all,0.005271054
4,1969,all,0.01826881
5,1969,all,0.06004722
6,1969,all,0.1236078
7,1969,all,0.1127823
8,1969,all,0.09093746
9,1969,all,0.0774507
10,1969,all,0.0701565
11,1969,all,0.06622838
12,1969,all,0.06328148
1,1970,all,1.31308e-10
2,1970,all,0.0008030468
3,1970,all,0.008638341
4,1970,all,0.02787276
5,1970,all,0.07531456
6,1970,all,0.1569111
7,1970,all,0.15556
8,1970,all,0.130795
9,1970,all,0.1139589
10,1970,all,0.105052
11,1970,all,0.09969213
12,1970,all,0.09469373
1,1971,all,1.5979e-10
2,1971,all,0.001244741
3,1971,all,0.0132642
4,1971,all,0.0396491
5,1971,all,0.08119513
6,1971,all,0.1862436
7,1971,all,0.2229861
8,1971,all,0.1925836
9,1971,all,0.1612034
10,1971,all,0.1451871
11,1971,all,0.1370606
12,1971,all,0.1315342
1,1972,all,1.604791e-10
2,1972,all,0.001227175
3,1972,all,0.01301116
4,1972,all,0.03795836
5,1972,all,0.07941227
6,1972,all,0.1961337
7,1972,all,0.2724313
8,1972,all,0.230404
9,1972,all,0.1814523
10,1972,all,0.1565255
11,1972,all,0.144717
12,1972,all,0.1415421
1,1973,all,2.274635e-10
2,1973,all,0.002190617
3,1973,all,0.02327454
4,1973,all,0.06879269
5,1973,all,0.1249747
6,1973,all,0.2269603
7,1973,all,0.2647829
8,1973,all,0.2399916
9,1973,all,0.2112374
10,1973,all,0.1931187
11,1973,all,0.1826702
12,1973,all,0.1757415
1,1974,all,2.238611e-10
2,1974,all,0.002702134
3,1974,all,0.02865433
4,1974,all,0.08323754
5,1974,all,0.131866
6,1974,all,0.2335619
7,1974,all,0.2389445
8,1974,all,0.2114025
9,1974,all,0.19107
10,1974,all,0.1777358
11,1974,all,0.168428
12,1974,all,0.1604338
1,1975,all,1.230764e-10
2,1975,all,0.001107262
3,1975,all,0.011717
4,1975,all,0.0335693
5,1975,all,0.05949092
6,1975,all,0.1280719
7,1975,all,0.1529029
8,1975,all,0.1351221
9,1975,all,0.1169857
10,1975,all,0.1073946
11,1975,all,0.1015639
12,1975,all,0.09646196
1,1976,all,9.982163e-11
2,1976,all,0.0007538682
3,1976,all,0.007987764
4,1976,all,0.02307205
5,1976,all,0.04740158
6,1976,all,0.1132948
7,1976,all,0.1314835
8,1976,all,0.1142593
9,1976,all,0.09775889
10,1976,all,0.08923769
11,1976,all,0.0847354
12,1976,all,0.08056748
1,1977,all,1.872763e-10
2,1977,all,0.001202296
3,1977,all,0.01276822
4,1977,all,0.03707967
5,1977,all,0.06254996
6,1977,all,0.1779514
7,1977,all,0.215683
8,1977,all,0.2042075
9,1977,all,0.1893412
10,1977,all,0.179506
11,1977,all,0.1731677
12,1977,all,0.1649314
1,1978,all,1.703841e-10
2,1978,all,0.001485061
3,1978,all,0.01580397
4,1978,all,0.0465707
5,1978,all,0.07203297
6,1978,all,0.1629663
7,1978,all,0.2381229
8,1978,all,0.2188653
9,1978,all,0.1847244
10,1978,all,0.1660542
11,1978,all,0.1563374
12,1978,all,0.1516951
1,1979,all,1.287009e-10
2,1979,all,0.001304529
3,1979,all,0.01383664
4,1979,all,0.04012882
5,1979,all,0.06464992
6,1979,all,0.1072013
7,1979,all,0.1305637
8,1979,all,0.127017
9,1979,all,0.1170706
10,1979,all,0.1096926
11,1979,all,0.1048332
12,1979,all,0.1001509
1,1980,all,1.528716e-10
2,1980,all,0.001773202
3,1980,all,0.01880494
4,1980,all,0.0549544
5,1980,all,0.1020662
6,1980,all,0.1579344
7,1980,all,0.1567112
8,1980,all,0.1355513
9,1980,all,0.120966
10,1980,all,0.1118459
11,1980,all,0.1060719
12,1980,all,0.100827
1,1981,all,1.76828e-10
2,1981,all,0.001771107
3,1981,all,0.0188346
4,1981,all,0.05611342
5,1981,all,0.1180476
6,1981,all,0.210857
7,1981,all,0.1977052
8,1981,all,0.1616541
9,1981,all,0.1382691
10,1981,all,0.126669
11,1981,all,0.1196766
12,1981,all,0.1136199
1,1982,all,1.057255e-05
2,1982,all,0.001561345
3,1982,all,0.01578557
4,1982,all,0.04567464
5,1982,all,0.1101798
6,1982,all,0.2301121
7,1982,all,0.2315188
8,1982,all,0.191088
9,1982,all,0.1602296
10,1982,all,0.1445502
11,1982,all,0.1365942
12,1982,all,0.1309206
1,1983,all,0.0003514358
2,1983,all,0.004271857
3,1983,all,0.01996278
4,1983,all,0.04532233
5,1983,all,0.07624738
6,1983,all,0.1624464
7,1983,all,0.1786276
8,1983,all,0.1526688
9,1983,all,0.1298369
10,1983,all,0.1178328
11,1983,all,0.1114364
12,1983,all,0.1074291
1,1984,all,0.001384325
2,1984,all,0.014308
3,1984,all,0.03800353
4,1984,all,0.048812
5,1984,all,0.06367256
6,1984,all,0.1224906
7,1984,all,0.1411943
8,1984,all,0.1327341
9,1984,all,0.1236142
10,1984,all,0.1174662
11,1984,all,0.1131814
12,1984,all,0.1091548
1,1985,all,0.001499119
2,1985,all,0.01504608
3,1985,all,0.04046606
4,1985,all,0.05314827
5,1985,all,0.06440773
6,1985,all,0.1075842
7,1985,all,0.1256955
8,1985,all,0.115533
9,1985,all,0.1035925
10,1985,all,0.0970397
11,1985,all,0.09299871
12,1985,all,0.09003325
1,1986,all,0.0009668431
2,1986,all,0.0126489
3,1986,all,0.04242408
4,1986,all,0.06667
5,1986,all,0.08461625
6,1986,all,0.1433232
7,1986,all,0.1599322
8,1986,all,0.1416965
9,1986,all,0.1240799
10,1986,all,0.1143597
11,1986,all,0.1091617
12,1986,all,0.1051727
1,1987,all,0.0009749151
2,1987,all,0.01055326
3,1987,all,0.03340761
4,1987,all,0.0467855
5,1987,all,0.05574891
6,1987,all,0.1079535
7,1987,all,0.1357488
8,1987,all,0.1195751
9,1987,all,0.1019252
10,1987,all,0.09236766
11,1987,all,0.08732717
12,1987,all,0.08450952
1,1988,all,0.0007368187
2,1988,all,0.01237349
3,1988,all,0.0555069
4,1988,all,0.07341335
5,1988,all,0.08768944
6,1988,all,0.1799984
7,1988,all,0.2005467
8,1988,all,0.1708194
9,1988,all,0.1455915
10,1988,all,0.1320085
11,1988,all,0.1246279
12,1988,all,0.1195207
1,1989,all,0.002223364
2,1989,all,0.05730715
3,1989,all,0.1950544
4,1989,all,0.1981704
5,1989,all,0.1244893
6,1989,all,0.1450723
7,1989,all,0.1681939
8,1989,all,0.1472308
9,1989,all,0.123188
10,1989,all,0.1104382
11,1989,all,0.1037968
12,1989,all,0.1005911
1,1990,all,0.0007537553
2,1990,all,0.01875707
3,1990,all,0.07385827
4,1990,all,0.08017807
5,1990,all,0.07595552
6,1990,all,0.1147944
7,1990,all,0.1150882
8,1990,all,0.09631585
9,1990,all,0.0819162
10,1990,all,0.07394123
11,1990,all,0.06955145
12,1990,all,0.06676104
1,1991,all,0.001506511
2,1991,all,0.01540733
3,1991,all,0.05121848
4,1991,all,0.05397637
5,1991,all,0.06569732
6,1991,all,0.1712811
7,1991,all,0.193707
8,1991,all,0.1595484
9,1991,all,0.133608
10,1991,all,0.1203809
11,1991,all,0.1131888
12,1991,all,0.1093274
1,1992,all,0.001690776
2,1992,all,0.01714744
3,1992,all,0.05755504
4,1992,all,0.07092632
5,1992,all,0.07865626
6,1992,all,0.148328
7,1992,all,0.207161
8,1992,all,0.1985967
9,1992,all,0.1798098
10,1992,all,0.169149
11,1992,all,0.1625816
12,1992,all,0.1568698
1,1993,all,0.001175618
2,1993,all,0.01163413
3,1993,all,0.03851953
4,1993,all,0.06655375
5,1993,all,0.09085167
6,1993,all,0.1262561
7,1993,all,0.1465132
8,1993,all,0.1373569
9,1993,all,0.1248278
10,1993,all,0.1168398
11,1993,all,0.112066
12,1993,all,0.107414
1,1994,all,0.002079993
2,1994,all,0.01908675
3,1994,all,0.05143426
4,1994,all,0.06385004
5,1994,all,0.1095244
6,1994,all,0.1595587
7,1994,all,0.1578231
8,1994,all,0.1336765
9,1994,all,0.1151117
10,1994,all,0.10507
11,1994,all,0.09942111
12,1994,all,0.0954305
1,1995,all,0.00215587
2,1995,all,0.01880307
3,1995,all,0.04333069
4,1995,all,0.03623685
5,1995,all,0.06590751
6,1995,all,0.1384677
7,1995,all,0.1359306
8,1995,all,0.1139641
9,1995,all,0.1000885
10,1995,all,0.09268844
11,1995,all,0.08831606
12,1995,all,0.08443394
1,1996,all,0.001890348
2,1996,all,0.01710444
3,1996,all,0.04375535
4,1996,all,0.04534242
5,1996,all,0.07915139
6,1996,all,0.1670457
7,1996,all,0.1668063
8,1996,all,0.1341912
9,1996,all,0.113123
10,1996,all,0.1026535
11,1996,all,0.09709202
12,1996,all,0.09263951
1,1997,all,0.001173426
2,1997,all,0.01120148
3,1997,all,0.0329134
4,1997,all,0.04247822
5,1997,all,0.07140258
6,1997,all,0.1550044
7,1997,all,0.1725016
8,1997,all,0.145996
9,1997,all,0.1245395
10,1997,all,0.1134904
11,1997,all,0.1074849
12,1997,all,0.103028
1,1998,all,0.002337105
2,1998,all,0.02082235
3,1998,all,0.05052626
4,1998,all,0.05050349
5,1998,all,0.09659637
6,1998,all,0.2620973
7,1998,all,0.2948926
8,1998,all,0.2379898
9,1998,all,0.1927856
10,1998,all,0.1703172
11,1998,all,0.1594469
12,1998,all,0.1541017
1,1999,all,0.001164581
2,1999,all,0.01129538
3,1999,all,0.03425097
4,1999,all,0.04470456
5,1999,all,0.0658515
6,1999,all,0.1389647
7,1999,all,0.1591083
8,1999,all,0.141744
9,1999,all,0.1256698
10,1999,all,0.1164131
11,1999,all,0.1111234
12,1999,all,0.1072581
1,2000,all,0.001711709
2,2000,all,0.01619468
3,2000,all,0.04567982
4,2000,all,0.04747171
5,2000,all,0.08875069
6,2000,all,0.1686747
7,2000,all,0.1976326
8,2000,all,0.1668288
9,2000,all,0.1372572
10,2000,all,0.1221434
11,2000,all,0.1144305
12,2000,all,0.111307
1,2001,all,0.001139935
2,2001,all,0.0115571
3,2001,all,0.03848086
4,2001,all,0.06219179
5,2001,all,0.1204757
6,2001,all,0.3007991
7,2001,all,0.3053231
8,2001,all,0.2434224
9,2001,all,0.1981133
10,2001,all,0.1757829
11,2001,all,0.1642097
12,2001,all,0.1571455
1,2002,all,0.001248742
2,2002,all,0.01286098
3,2002,all,0.04529773
4,2002,all,0.08877832
5,2002,all,0.2073823
6,2002,all,0.5196874
7,2002,all,0.4969371
8,2002,all,0.3845286
9,2002,all,0.3205318
10,2002,all,0.2860557
11,2002,all,0.2686717
12,2002,all,0.2582757
1,2003,all,0.001016381
2,2003,all,0.0107606
3,2003,all,0.039641
4,2003,all,0.08136192
5,2003,all,0.1595883
6,2003,all,0.4743111
7,2003,all,0.5010826
8,2003,all,0.394368
9,2003,all,0.3275316
10,2003,all,0.2970542
11,2003,all,0.2797242
12,2003,all,0.268766
1,2004,all,0.0009403865
2,2004,all,0.009819404
3,2004,all,0.03629198
4,2004,all,0.08192233
5,2004,all,0.1629786
6,2004,all,0.3561315
7,2004,all,0.3797396
8,2004,all,0.3146739
9,2004,all,0.2661608
10,2004,all,0.2437118
11,2004,all,0.2328031
12,2004,all,0.223098
1,2005,all,0.001018305
2,2005,all,0.01023214
3,2005,all,0.03540737
4,2005,all,0.08020586
5,2005,all,0.1803251
6,2005,all,0.4307427
7,2005,all,0.4378698
8,2005,all,0.3526829
9,2005,all,0.291145
10,2005,all,0.2594507
11,2005,all,0.2447523
12,2005,all,0.2361814
1,2006,all,0.0009703759
2,2006,all,0.009120144
3,2006,all,0.02666137
4,2006,all,0.05442401
5,2006,all,0.1464921
6,2006,all,0.3756758
7,2006,all,0.3918074
8,2006,all,0.3204581
9,2006,all,0.2700243
10,2006,all,0.2439319
11,2006,all,0.2304929
12,2006,all,0.2224725
1,2007,all,0.0005934353
2,2007,all,0.005722537
3,2007,all,0.01796953
4,2007,all,0.04161228
5,2007,all,0.1157929
6,2007,all,0.3263433
7,2007,all,0.3299686
8,2007,all,0.2708883
9,2007,all,0.2407719
10,2007,all,0.2292398
11,2007,all,0.222952
12,2007,all,0.2120333
1,2008,all,0.000850647
2,2008,all,0.007567523
3,2008,all,0.01911254
4,2008,all,0.03801527
5,2008,all,0.1620405
6,2008,all,0.3269068
7,2008,all,0.2918181
8,2008,all,0.2273865
9,2008,all,0.1899838
10,2008,all,0.1724001
11,2008,all,0.1629365
12,2008,all,0.1549532
1,2009,all,0.0004835598
2,2009,all,0.004916081
3,2009,all,0.0175362
4,2009,all,0.05207466
5,2009,all,0.2892172
6,2009,all,0.5727229
7,2009,all,0.4557243
8,2009,all,0.3242095
9,2009,all,0.2581466
10,2009,all,0.2298319
11,2009,all,0.2165933
12,2009,all,0.20562
1,2010,all,0.0005396414
2,2010,all,0.005813743
3,2010,all,0.02328911
4,2010,all,0.06770973
5,2010,all,0.2672416
6,2010,all,0.78435
7,2010,all,0.6989037
8,2010,all,0.5227826
9,2010,all,0.4223589
10,2010,all,0.373144
11,2010,all,0.3494652
12,2010,all,0.3385962
1,2011,all,0.0007606712
2,2011,all,0.007012272
3,2011,all,0.01967461
4,2011,all,0.04170005
5,2011,all,0.1217958
6,2011,all,0.4134845
7,2011,all,0.4818551
8,2011,all,0.3987
9,2011,all,0.3267822
10,2011,all,0.2951543
11,2011,all,0.2795311
12,2011,all,0.2716403
1,2012,all,0.0006563062
2,2012,all,0.006151556
3,2012,all,0.01835025
4,2012,all,0.04597987
5,2012,all,0.1593394
6,2012,all,0.4477965
7,2012,all,0.4648426
8,2012,all,0.3621235
9,2012,all,0.289761
10,2012,all,0.2590585
11,2012,all,0.2449054
12,2012,all,0.2397852
1,2013,all,0.000692595
2,2013,all,0.006748062
3,2013,all,0.02183834
4,2013,all,0.05208105
5,2013,all,0.1727728
6,2013,all,0.5075785
7,2013,all,0.5150494
8,2013,all,0.4082504
9,2013,all,0.3264246
10,2013,all,0.2881447
11,2013,all,0.272229
12,2013,all,0.2661393
1,2014,all,0.0008337266
2,2014,all,0.008135245
3,2014,all,0.0260934
4,2014,all,0.05268548
5,2014,all,0.1239493
6,2014,all,0.4893903
7,2014,all,0.5910438
8,2014,all,0.4789238
9,2014,all,0.3794774
10,2014,all,0.3245871
11,2014,all,0.2988261
12,2014,all,0.2916738
1,2015,all,0.0007720571
2,2015,all,0.007740497
3,2015,all,0.02704096
4,2015,all,0.07024077
5,2015,all,0.1226937
6,2015,all,0.4315197
7,2015,all,0.6756127
8,2015,all,0.5762992
9,2015,all,0.4396878
10,2015,all,0.3705165
11,2015,all,0.3367089
12,2015,all,0.3304546
1,2016,all,0.0005469397
2,2016,all,0.00608631
3,2016,all,0.02569589
4,2016,all,0.07641195
5,2016,all,0.1389912
6,2016,all,0.3711483
7,2016,all,0.462364
8,2016,all,0.4049077
9,2016,all,0.3413141
10,2016,all,0.301706
11,2016,all,0.2800559
12,2016,all,0.2677939
1,2017,all,0.0006434654
2,2017,all,0.007094734
3,2017,all,0.02927341
4,2017,all,0.07908515
5,2017,all,0.2470185
6,2017,all,0.5190398
7,2017,all,0.4813725
8,2017,all,0.3758377
9,2017,all,0.3107451
10,2017,all,0.2719941
11,2017,all,0.2488105
12,2017,all,0.2370709
1,2018,all,0.001120902
2,2018,all,0.01089127
3,2018,all,0.03503336
4,2018,all,0.07381514
5,2018,all,0.1790713
6,2018,all,0.5233184
7,2018,all,0.649861
8,2018,all,0.524742
9,2018,all,0.4056377
10,2018,all,0.348973
11,2018,all,0.3189613
12,2018,all,0.3089507
1,2019,all,0.0007439046
2,2019,all,0.007737549
3,2019,all,0.02806268
4,2019,all,0.06039662
5,2019,all,0.1454284
6,2019,all,0.5068961
7,2019,all,0.612957
8,2019,all,0.5028064
9,2019,all,0.3967049
10,2019,all,0.339059
11,2019,all,0.3116251
12,2019,all,0.2984418
1,2020,all,0.0007536801
2,2020,all,0.008503854
3,2020,all,0.0359877
4,2020,all,0.08874762
5,2020,all,0.1782324
6,2020,all,0.4535483
7,2020,all,0.5112088
8,2020,all,0.4361876
9,2020,all,0.373649
10,2020,all,0.3345138
11,2020,all,0.3114863
12,2020,all,0.2979666
1,2021,all,0.0009384755
2,2021,all,0.008850093
3,2021,all,0.02676573
4,2021,all,0.06273258
5,2021,all,0.1469643
6,2021,all,0.4832177
7,2021,all,0.5997911
8,2021,all,0.4762094
9,2021,all,0.3628094
10,2021,all,0.3107208
11,2021,all,0.2844273
12,2021,all,0.2773831
1,2022,all,0.001475248
2,2022,all,0.01319204
3,2022,all,0.03308423
4,2022,all,0.04223936
5,2022,all,0.1492107
6,2022,all,0.5612259
7,2022,all,0.7650056
8,2022,all,0.6143407
9,2022,all,0.4606009
10,2022,all,0.3803466
11,2022,all,0.3429077
12,2022,all,0.3369313
