year,area,age,n
1954,1,1,119801000
1954,1,2,61541900
1954,1,3,35458800
1954,1,4,21758100
1954,1,5,14127700
1954,1,6,9619920
1954,1,7,6680730
1954,1,8,4698730
1954,1,9,3333130
1954,1,10,2380140
1954,1,11,1708850
1954,1,12,6614840
1955,1,1,119801000
1955,1,2,61449500
1955,1,3,35473300
1955,1,4,21881200
1955,1,5,14258500
1955,1,6,9542470
1955,1,7,6608940
1955,1,8,4698500
1955,1,9,3345780
1955,1,10,2391130
1955,1,11,1716480
1955,1,12,6080630
1956,1,1,132038000
1956,1,2,62109500
1956,1,3,35579800
1956,1,4,21697800
1956,1,5,14047300
1956,1,6,9491070
1956,1,7,6444810
1956,1,8,4554010
1956,1,9,3279070
1956,1,10,2355930
1956,1,11,1695620
1956,1,12,5644800
1957,1,1,73381000
1957,1,2,68453800
1957,1,3,35843100
1957,1,4,21756400
1957,1,5,13991700
1957,1,6,9440730
1957,1,7,6480650
1957,1,8,4484690
1957,1,9,3204800
1957,1,10,2324360
1957,1,11,1680160
1957,1,12,5324220
1958,1,1,82874300
1958,1,2,38043700
1958,1,3,39504800
1958,1,4,21872800
1958,1,5,14023300
1958,1,6,9412880
1958,1,7,6439740
1958,1,8,4486770
1958,1,9,3139570
1958,1,10,2260570
1958,1,11,1648990
1958,1,12,5044600
1959,1,1,38295700
1959,1,2,42789400
1959,1,3,21902400
1959,1,4,24028600
1959,1,5,13988400
1959,1,6,9336050
1959,1,7,6334610
1959,1,8,4409110
1959,1,9,3111540
1959,1,10,2196450
1959,1,11,1591390
1959,1,12,4776780
1960,1,1,24166500
1960,1,2,19772700
1960,1,3,24660400
1960,1,4,13326000
1960,1,5,15365500
1960,1,6,9295950
1960,1,7,6241830
1960,1,8,4301050
1960,1,9,3033030
1960,1,10,2159120
1960,1,11,1534360
1960,1,12,4510820
1961,1,1,66937600
1961,1,2,12477600
1961,1,3,11395200
1961,1,4,15011000
1961,1,5,8521990
1961,1,6,10228500
1961,1,7,6164260
1961,1,8,4210430
1961,1,9,2950020
1961,1,10,2101770
1961,1,11,1506830
1961,1,12,4279100
1962,1,1,86235800
1962,1,2,34561000
1962,1,3,7190810
1962,1,4,6935240
1962,1,5,9595130
1962,1,6,5582820
1962,1,7,6725910
1962,1,8,4163340
1962,1,9,2896430
1962,1,10,2050560
1962,1,11,1471230
1962,1,12,4106930
1963,1,1,113009000
1963,1,2,44525000
1963,1,3,19917800
1963,1,4,4377110
1963,1,5,4435510
1963,1,6,6269460
1963,1,7,3563740
1963,1,8,4437080
1963,1,9,2827420
1963,1,10,1998350
1963,1,11,1427840
1963,1,12,3941280
1964,1,1,33445100
1964,1,2,58348400
1964,1,3,25659000
1964,1,4,12118300
1964,1,5,2796200
1964,1,6,2950890
1964,1,7,4097170
1964,1,8,2363630
1964,1,9,2999130
1964,1,10,1934340
1964,1,11,1378180
1964,1,12,3755420
1965,1,1,13281700
1965,1,2,17268300
1965,1,3,33625900
1965,1,4,15615200
1965,1,5,7746160
1965,1,6,1842380
1965,1,7,1884270
1965,1,8,2671000
1965,1,9,1589320
1965,1,10,2056380
1965,1,11,1341380
1965,1,12,3614770
1966,1,1,59226100
1966,1,2,6857580
1966,1,3,9950870
1966,1,4,20447300
1966,1,5,9959280
1966,1,6,5084370
1966,1,7,1130710
1966,1,8,1181550
1966,1,9,1732880
1966,1,10,1057300
1966,1,11,1389870
1966,1,12,3410220
1967,1,1,41531600
1967,1,2,30579400
1967,1,3,3949890
1967,1,4,6022010
1967,1,5,12868900
1967,1,6,6381630
1967,1,7,2995040
1967,1,8,680755
1967,1,9,737717
1967,1,10,1101330
1967,1,11,681154
1967,1,12,3151370
1968,1,1,44864100
1968,1,2,21443500
1968,1,3,17609900
1968,1,4,2385390
1968,1,5,3769180
1968,1,6,8271320
1968,1,7,3843200
1968,1,8,1804230
1968,1,9,422800
1968,1,10,467568
1968,1,11,705473
1968,1,12,2505010
1969,1,1,38640300
1969,1,2,23164100
1969,1,3,12353000
1969,1,4,10673400
1969,1,5,1507950
1969,1,6,2439560
1969,1,7,5106370
1969,1,8,2399160
1969,1,9,1145950
1969,1,10,274004
1969,1,11,307674
1969,1,12,2159490
1970,1,1,26343000
1970,1,2,19950700
1970,1,3,13345200
1970,1,4,7492980
1970,1,5,6755870
1970,1,6,953065
1970,1,7,1459010
1970,1,8,3187320
1970,1,9,1548170
1970,1,10,752807
1970,1,11,183029
1970,1,12,1691770
1971,1,1,29194100
1971,1,2,13601300
1971,1,3,11489600
1971,1,4,8062950
1971,1,5,4690270
1971,1,6,4189270
1971,1,7,548825
1971,1,8,868235
1971,1,9,1966870
1971,1,10,973852
1971,1,11,479460
1971,1,12,1229830
1972,1,1,33909800
1972,1,2,15073400
1972,1,3,7828850
1972,1,4,6903490
1972,1,5,4972770
1972,1,6,2887430
1972,1,7,2329550
1972,1,8,310481
1972,1,9,512169
1972,1,10,1191730
1972,1,11,599147
1972,1,12,1079410
1973,1,1,62764800
1973,1,2,17508200
1973,1,3,8676350
1973,1,4,4705200
1973,1,5,4262230
1973,1,6,3069820
1973,1,7,1594840
1973,1,8,1293850
1973,1,9,179717
1973,1,10,307920
1973,1,11,734788
1973,1,12,1061520
1974,1,1,88499600
1974,1,2,32406500
1974,1,3,10066700
1974,1,4,5154140
1974,1,5,2810430
1974,1,6,2496050
1974,1,7,1631540
1974,1,8,859402
1974,1,9,708185
1974,1,10,100487
1974,1,11,176424
1974,1,12,1057480
1975,1,1,43330100
1975,1,2,45693800
1975,1,3,18621800
1975,1,4,5943520
1975,1,5,3029290
1975,1,6,1634640
1975,1,7,1311390
1975,1,8,884769
1975,1,9,482474
1975,1,10,404554
1975,1,11,58547.4
1975,1,12,744853
1976,1,1,24284200
1976,1,2,22372100
1976,1,3,26305400
1976,1,4,11209200
1976,1,5,3689420
1976,1,6,1921700
1976,1,7,983512
1976,1,8,808279
1976,1,9,562130
1976,1,10,311397
1976,1,11,264030
1976,1,12,544365
1977,1,1,25456400
1977,1,2,12538300
1977,1,3,12884600
1977,1,4,15901500
1977,1,5,7037110
1977,1,6,2370580
1977,1,7,1169900
1977,1,8,611764
1977,1,9,519567
1977,1,10,368819
1977,1,11,206857
1977,1,12,551291
1978,1,1,30047600
1978,1,2,13143500
1978,1,3,7217310
1978,1,4,7745430
1978,1,5,9829490
1978,1,6,4438190
1978,1,7,1332420
1978,1,8,649768
1978,1,9,346055
1978,1,10,299148
1978,1,11,215424
1978,1,12,453592
1979,1,1,37962300
1979,1,2,15514100
1979,1,3,7563220
1979,1,4,4323910
1979,1,5,4742760
1979,1,6,6136430
1979,1,7,2552950
1979,1,8,760654
1979,1,9,381091
1979,1,10,207999
1979,1,11,183326
1979,1,12,420658
1980,1,1,54017000
1980,1,2,19600600
1980,1,3,8929180
1980,1,4,4541100
1980,1,5,2663490
1980,1,6,2983220
1980,1,7,3761440
1980,1,8,1582420
1980,1,9,471977
1980,1,10,240185
1980,1,11,133561
1980,1,12,398557
1981,1,1,43947300
1981,1,2,27889900
1981,1,3,11274800
1981,1,4,5329340
1981,1,5,2747690
1981,1,6,1597970
1981,1,7,1708310
1981,1,8,2222630
1981,1,9,966962
1981,1,10,292990
1981,1,11,151823
1981,1,12,346440
1982,1,1,36915200
1982,1,2,22690700
1982,1,3,16043400
1982,1,4,6731150
1982,1,5,3228430
1982,1,6,1622560
1982,1,7,868266
1982,1,8,974576
1982,1,9,1329240
1982,1,10,594430
1982,1,11,182853
1982,1,12,320152
1983,1,1,43433900
1983,1,2,19111200
1983,1,3,13075900
1983,1,4,9624540
1983,1,5,4127240
1983,1,6,1925210
1983,1,7,857911
1983,1,8,483960
1983,1,9,574475
1983,1,10,808330
1983,1,11,368530
1983,1,12,319465
1984,1,1,54153000
1984,1,2,22452800
1984,1,3,10962900
1984,1,4,7797970
1984,1,5,5895740
1984,1,6,2563820
1984,1,7,1111650
1984,1,8,513882
1984,1,9,298823
1984,1,10,362139
1984,1,11,517679
1984,1,12,448715
1985,1,1,22899300
1985,1,2,28000200
1985,1,3,12746300
1985,1,4,6408920
1985,1,5,4773680
1985,1,6,3729360
1985,1,7,1546660
1985,1,8,680933
1985,1,9,321569
1985,1,10,188667
1985,1,11,231106
1985,1,12,626009
1986,1,1,41458400
1986,1,2,11838700
1986,1,3,15876800
1986,1,4,7431670
1986,1,5,3895200
1986,1,6,3006860
1986,1,7,2282440
1986,1,8,960775
1986,1,9,433423
1986,1,10,208298
1986,1,11,123451
1986,1,12,569624
1987,1,1,36064500
1987,1,2,21480000
1987,1,3,6737220
1987,1,4,9240890
1987,1,5,4454920
1987,1,6,2401200
1987,1,7,1769560
1987,1,8,1365530
1987,1,9,591523
1987,1,10,272872
1987,1,11,133220
1987,1,12,452475
1988,1,1,67305900
1988,1,2,18527700
1988,1,3,12191400
1988,1,4,3947770
1988,1,5,5670530
1988,1,6,2848160
1988,1,7,1493290
1988,1,8,1104430
1988,1,9,866773
1988,1,10,382218
1988,1,11,179051
1988,1,12,393351
1989,1,1,66407700
1989,1,2,34881100
1989,1,3,10568400
1989,1,4,6996610
1989,1,5,2355300
1989,1,6,3490240
1989,1,7,1613630
1989,1,8,854577
1989,1,9,656029
1989,1,10,529546
1989,1,11,238336
1989,1,12,366911
1990,1,1,28552200
1990,1,2,34262100
1990,1,3,18816100
1990,1,4,5156630
1990,1,5,3596050
1990,1,6,1380620
1990,1,7,2048070
1990,1,8,977783
1990,1,9,529806
1990,1,10,415386
1990,1,11,341269
1990,1,12,399486
1991,1,1,71316600
1991,1,2,14796900
1991,1,3,19368700
1991,1,4,10585600
1991,1,5,3088130
1991,1,6,2275810
1991,1,7,847778
1991,1,8,1292230
1991,1,9,629672
1991,1,10,347172
1991,1,11,277043
1991,1,12,505087
1992,1,1,44032300
1992,1,2,36772900
1992,1,3,8370800
1992,1,4,11142300
1992,1,5,6469360
1992,1,6,1965960
1992,1,7,1308210
1992,1,8,490292
1992,1,9,778327
1992,1,10,387762
1992,1,11,217198
1992,1,12,499764
1993,1,1,55322600
1993,1,2,22615300
1993,1,3,20745800
1993,1,4,4774760
1993,1,5,6632670
1993,1,6,4011310
1993,1,7,1158940
1993,1,8,757664
1993,1,9,284720
1993,1,10,456298
1993,1,11,229212
1993,1,12,431701
1994,1,1,59543800
1994,1,2,28511700
1994,1,3,12870700
1994,1,4,12123400
1994,1,5,2878870
1994,1,6,4079410
1994,1,7,2421100
1994,1,8,706667
1994,1,9,468344
1994,1,10,178663
1994,1,11,290777
1994,1,12,430466
1995,1,1,77974600
1995,1,2,30579000
1995,1,3,16050700
1995,1,4,7400500
1995,1,5,7323280
1995,1,6,1722030
1995,1,7,2353400
1995,1,8,1443790
1995,1,9,435793
1995,1,10,295594
1995,1,11,114774
1995,1,12,473953
1996,1,1,45728600
1996,1,2,40140100
1996,1,3,17258400
1996,1,4,9328910
1996,1,5,4614770
1996,1,6,4620830
1996,1,7,1026360
1996,1,8,1444900
1996,1,9,912899
1996,1,10,280943
1996,1,11,193432
1996,1,12,394652
1997,1,1,40649000
1997,1,2,23630500
1997,1,3,22728300
1997,1,4,10042800
1997,1,5,5750190
1997,1,6,2865690
1997,1,7,2645080
1997,1,8,607507
1997,1,9,899254
1997,1,10,582620
1997,1,11,182135
1997,1,12,390481
1998,1,1,27281500
1998,1,2,21040200
1998,1,3,13466300
1998,1,4,13383300
1998,1,5,6197660
1998,1,6,3601080
1998,1,7,1663320
1998,1,8,1555570
1998,1,9,371869
1998,1,10,565561
1998,1,11,372009
1998,1,12,373428
1999,1,1,95680200
1999,1,2,14074100
1999,1,3,11840100
1999,1,4,7753030
1999,1,5,8151860
1999,1,6,3755110
1999,1,7,1827630
1999,1,8,856674
1999,1,9,864309
1999,1,10,216401
1999,1,11,337675
1999,1,12,454456
2000,1,1,24274200
2000,1,2,49525200
2000,1,3,8022650
2000,1,4,6960000
2000,1,5,4775510
2000,1,6,5152780
2000,1,7,2245020
2000,1,8,1111630
2000,1,9,530756
2000,1,10,545441
2000,1,11,138781
2000,1,12,516972
2001,1,1,90084000
2001,1,2,12565900
2001,1,3,28062100
2001,1,4,4652770
2001,1,5,4268390
2001,1,6,2926640
2001,1,7,2937150
2001,1,8,1303700
2001,1,9,681251
2001,1,10,334111
2001,1,11,349610
2001,1,12,429565
2002,1,1,87291400
2002,1,2,46503100
2002,1,3,7143820
2002,1,4,16379600
2002,1,5,2808460
2002,1,6,2515020
2002,1,7,1409060
2002,1,8,1453280
2002,1,9,696517
2002,1,10,385430
2002,1,11,194705
2002,1,12,466293
2003,1,1,71883100
2003,1,2,45158900
2003,1,3,26458800
2003,1,4,4147760
2003,1,5,9660230
2003,1,6,1500590
2003,1,7,952223
2003,1,8,562807
2003,1,9,662978
2003,1,10,339670
2003,1,11,196060
2003,1,12,347443
2004,1,1,46959900
2004,1,2,37029600
2004,1,3,25676000
2004,1,4,15433700
2004,1,5,2459110
2004,1,6,5464980
2004,1,7,616142
2004,1,8,394918
2004,1,9,264491
2004,1,10,331605
2004,1,11,174601
2004,1,12,288641
2005,1,1,46887300
2005,1,2,24192100
2005,1,3,21097900
2005,1,4,15031100
2005,1,5,9178360
2005,1,6,1382830
2005,1,7,2457970
2005,1,8,280890
2005,1,9,199559
2005,1,10,142863
2005,1,11,184252
2005,1,12,263743
2006,1,1,75039800
2006,1,2,24253700
2006,1,3,13810300
2006,1,4,12399500
2006,1,5,8986480
2006,1,6,5070420
2006,1,7,573814
2006,1,8,1060760
2006,1,9,136694
2006,1,10,105031
2006,1,11,78604.5
2006,1,12,253623
2007,1,1,97057100
2007,1,2,38790800
2007,1,3,13842800
2007,1,4,8190570
2007,1,5,7612320
2007,1,6,5150710
2007,1,7,2243400
2007,1,8,263390
2007,1,9,541876
2007,1,10,74205.9
2007,1,11,59147.6
2007,1,12,193244
2008,1,1,66684600
2008,1,2,50230000
2008,1,3,22236100
2008,1,4,8282730
2008,1,5,5066140
2008,1,6,4502630
2008,1,7,2395240
2008,1,8,1081600
2008,1,9,140453
2008,1,10,302005
2008,1,11,42141.6
2008,1,12,147682
2009,1,1,65656600
2009,1,2,34554500
2009,1,3,28753700
2009,1,4,13302000
2009,1,5,5160810
2009,1,6,2842880
2009,1,7,2109400
2009,1,8,1236650
2009,1,9,625350
2009,1,10,85683.2
2009,1,11,189117
2009,1,12,123305
2010,1,1,85134400
2010,1,2,33930100
2010,1,3,19799700
2010,1,4,17199600
2010,1,5,8124120
2010,1,6,2461280
2010,1,7,972064
2010,1,8,849412
2010,1,9,598222
2010,1,10,332760
2010,1,11,47549
2010,1,12,178412
2011,1,1,110042000
2011,1,2,44130700
2011,1,3,19469400
2011,1,4,11777000
2011,1,5,10284800
2011,1,6,3984330
2011,1,7,634966
2011,1,8,284835
2011,1,9,320698
2011,1,10,256690
2011,1,11,152060
2011,1,12,107318
2012,1,1,41104400
2012,1,2,57027200
2012,1,3,25268400
2012,1,4,11636300
2012,1,5,7293410
2012,1,6,6084600
2012,1,7,1725460
2012,1,8,306228
2012,1,9,156136
2012,1,10,179540
2012,1,11,144866
2012,1,12,148749
2013,1,1,61597800
2013,1,2,21304300
2013,1,3,32687500
2013,1,4,15129700
2013,1,5,7208200
2013,1,6,4124160
2013,1,7,2503270
2013,1,8,753627
2013,1,9,158538
2013,1,10,87755.2
2013,1,11,103504
2013,1,12,171832
2014,1,1,79261300
2014,1,2,31836900
2014,1,3,12184200
2014,1,4,19467600
2014,1,5,9290180
2014,1,6,3995950
2014,1,7,1567190
2014,1,8,1002490
2014,1,9,348081
2014,1,10,81407
2014,1,11,47365.1
2014,1,12,151814
2015,1,1,73997100
2015,1,2,41008800
2015,1,3,18203100
2015,1,4,7223300
2015,1,5,11888600
2015,1,6,5452710
2015,1,7,1570400
2015,1,8,604120
2015,1,9,443044
2015,1,10,168821
2015,1,11,42226
2015,1,12,107633
2016,1,1,39902500
2016,1,2,38347300
2016,1,3,23473000
2016,1,4,10807400
2016,1,5,4389600
2016,1,6,7099190
2016,1,7,2327830
2016,1,8,627268
2016,1,9,268793
2016,1,10,215641
2016,1,11,87060.3
2016,1,12,81568.6
2017,1,1,45910800
2017,1,2,20627200
2017,1,3,21952300
2017,1,4,13955300
2017,1,5,6571340
2017,1,6,2573380
2017,1,7,3190630
2017,1,8,1028090
2017,1,9,289307
2017,1,10,131932
2017,1,11,112055
2017,1,12,92334.9
2018,1,1,105250000
2018,1,2,23695900
2018,1,3,11792100
2018,1,4,12971900
2018,1,5,8366390
2018,1,6,3339530
2018,1,7,977202
2018,1,8,1344150
2018,1,9,488073
2018,1,10,144863
2018,1,11,69583.7
2018,1,12,113856
2019,1,1,88601000
2019,1,2,54521300
2019,1,3,13522400
2019,1,4,6931120
2019,1,5,7783000
2019,1,6,4614320
2019,1,7,1290720
2019,1,8,375065
2019,1,9,588835
2019,1,10,233587
2019,1,11,72373.5
2019,1,12,96728.6
2020,1,1,68494700
2020,1,2,45845800
2020,1,3,31165300
2020,1,4,8000260
2020,1,5,4200660
2020,1,6,4448010
2020,1,7,1729790
2020,1,8,475315
2020,1,9,155319
2020,1,10,270525
2020,1,11,114850
2020,1,12,87463.2
2021,1,1,54352000
2021,1,2,35441600
2021,1,3,26194600
2021,1,4,18279600
2021,1,5,4731910
2021,1,6,2330330
2021,1,7,1807360
2021,1,8,725430
2021,1,9,215854
2021,1,10,73216.2
2021,1,11,133368
2021,1,12,104349
2022,1,1,58323400
2022,1,2,28043000
2022,1,3,20214200
2022,1,4,15533300
2022,1,5,11257100
2022,1,6,2760660
2022,1,7,998759
2022,1,8,780099
2022,1,9,352659
2022,1,10,112311
2022,1,11,39462.2
2022,1,12,133880
1954,2,1,26481200
1954,2,2,12630100
1954,2,3,7158800
1954,2,4,4782390
1954,2,5,3635290
1954,2,6,2879020
1954,2,7,2256940
1954,2,8,1760440
1954,2,9,1368320
1954,2,10,1058710
1954,2,11,815027
1954,2,12,3786210
1955,2,1,26481200
1955,2,2,12744800
1955,2,3,7156850
1955,2,4,4665420
1955,2,5,3498030
1955,2,6,2783160
1955,2,7,2195390
1955,2,8,1722400
1955,2,9,1343780
1955,2,10,1042750
1955,2,11,804751
1955,2,12,3432750
1956,2,1,29186200
1956,2,2,12142000
1956,2,3,7068590
1956,2,4,4822090
1956,2,5,3661470
1956,2,6,2864240
1956,2,7,2217540
1956,2,8,1729980
1956,2,9,1353730
1956,2,10,1049930
1956,2,11,808701
1956,2,12,3171920
1957,2,1,16220500
1957,2,2,13382300
1957,2,3,6835360
1957,2,4,4786010
1957,2,5,3724060
1957,2,6,2923860
1957,2,7,2252390
1957,2,8,1724120
1957,2,9,1341220
1957,2,10,1046730
1957,2,11,807720
1957,2,12,2980820
1958,2,1,18318900
1958,2,2,7437320
1958,2,3,7533570
1958,2,4,4689300
1958,2,5,3710730
1958,2,6,2948850
1958,2,7,2274160
1958,2,8,1741860
1958,2,9,1328070
1958,2,10,1029640
1958,2,11,800500
1958,2,12,2833120
1959,2,1,8465060
1959,2,2,8535880
1959,2,3,4234050
1959,2,4,5229900
1959,2,5,3716970
1959,2,6,2976890
1959,2,7,2302640
1959,2,8,1763070
1959,2,9,1349020
1959,2,10,1024780
1959,2,11,791216
1959,2,12,2736150
1960,2,1,5341860
1960,2,2,3944380
1960,2,3,4833600
1960,2,4,2925850
1960,2,5,4119440
1960,2,6,2975290
1960,2,7,2301770
1960,2,8,1754960
1960,2,9,1342700
1960,2,10,1026620
1960,2,11,777320
1960,2,12,2627360
1961,2,1,14796200
1961,2,2,2489090
1961,2,3,2233590
1961,2,4,3325190
1961,2,5,2297090
1961,2,6,3285990
1961,2,7,2298120
1961,2,8,1744110
1961,2,9,1326080
1961,2,10,1014000
1961,2,11,773499
1961,2,12,2521690
1962,2,1,19062000
1962,2,2,6894430
1962,2,3,1409510
1962,2,4,1536570
1962,2,5,2601240
1962,2,6,1827200
1962,2,7,2527780
1962,2,8,1732610
1962,2,9,1310510
1962,2,10,996020
1962,2,11,760156
1962,2,12,2431390
1963,2,1,24980000
1963,2,2,8882110
1963,2,3,3904100
1963,2,4,969548
1963,2,5,1201010
1963,2,6,2058440
1963,2,7,1364570
1963,2,8,1872150
1963,2,9,1291330
1963,2,10,978679
1963,2,11,743149
1963,2,12,2346560
1964,2,1,7392850
1964,2,2,11639700
1964,2,3,5029050
1964,2,4,2679860
1964,2,5,743862
1964,2,6,937623
1964,2,7,1488910
1964,2,8,972254
1964,2,9,1359840
1964,2,10,947981
1964,2,11,720233
1964,2,12,2245500
1965,2,1,2935850
1965,2,2,3444770
1965,2,3,6590980
1965,2,4,3456660
1965,2,5,2076870
1965,2,6,589425
1965,2,7,698016
1965,2,8,1058320
1965,2,9,696471
1965,2,10,987965
1965,2,11,692077
1965,2,12,2140140
1966,2,1,13091600
1966,2,2,1367990
1966,2,3,1950650
1966,2,4,4532220
1966,2,5,2690670
1966,2,6,1645560
1966,2,7,436897
1966,2,8,504477
1966,2,9,785589
1966,2,10,518703
1966,2,11,732170
1966,2,12,2064050
1967,2,1,9180330
1967,2,2,6100160
1967,2,3,774626
1967,2,4,1340690
1967,2,5,3510340
1967,2,6,2112600
1967,2,7,1180220
1967,2,8,305736
1967,2,9,360693
1967,2,10,572461
1967,2,11,377970
1967,2,12,2005500
1968,2,1,9916960
1968,2,2,4277670
1968,2,3,3454110
1968,2,4,532133
1968,2,5,1035840
1968,2,6,2755670
1968,2,7,1565530
1968,2,8,782783
1968,2,9,203138
1968,2,10,246924
1968,2,11,398484
1968,2,12,1643140
1969,2,1,8541230
1969,2,2,4620910
1969,2,3,2422130
1969,2,4,2372080
1969,2,5,409271
1969,2,6,809142
1969,2,7,2051810
1969,2,8,1044410
1969,2,9,534070
1969,2,10,141135
1969,2,11,172064
1969,2,12,1403570
1970,2,1,5822970
1970,2,2,3979870
1970,2,3,2616510
1970,2,4,1663350
1970,2,5,1819920
1970,2,6,320036
1970,2,7,602537
1970,2,8,1441800
1970,2,9,743207
1970,2,10,385826
1970,2,11,101282
1970,2,12,1104120
1971,2,1,6453190
1971,2,2,2713270
1971,2,3,2253470
1971,2,4,1796080
1971,2,5,1272580
1971,2,6,1422480
1971,2,7,233325
1971,2,8,409797
1971,2,9,994480
1971,2,10,524497
1971,2,11,274309
1971,2,12,835439
1972,2,1,7495580
1972,2,2,3006930
1972,2,3,1536290
1972,2,4,1546840
1972,2,5,1376640
1972,2,6,992934
1972,2,7,1022460
1972,2,8,142336
1972,2,9,255666
1972,2,10,653782
1972,2,11,353222
1972,2,12,739534
1973,2,1,13873800
1973,2,2,3492640
1973,2,3,1702560
1973,2,4,1054700
1973,2,5,1189760
1973,2,6,1069430
1973,2,7,698651
1973,2,8,557125
1973,2,9,82656.5
1973,2,10,160903
1973,2,11,424032
1973,2,12,707970
1974,2,1,19562300
1974,2,2,6464640
1974,2,3,1977120
1974,2,4,1165100
1974,2,5,794534
1974,2,6,905083
1974,2,7,745111
1974,2,8,414544
1974,2,9,354564
1974,2,10,55494.9
1974,2,11,108263
1974,2,12,750849
1975,2,1,9577890
1975,2,2,9115270
1975,2,3,3659080
1975,2,4,1350570
1975,2,5,870409
1975,2,6,598960
1975,2,7,631556
1975,2,8,472244
1975,2,9,270535
1975,2,10,240361
1975,2,11,37664.7
1975,2,12,569546
1976,2,1,5367890
1976,2,2,4462910
1976,2,3,5161260
1976,2,4,2511700
1976,2,5,1037030
1976,2,6,669252
1976,2,7,425918
1976,2,8,396753
1976,2,9,300518
1976,2,10,178619
1976,2,11,161192
1976,2,12,398197
1977,2,1,5626990
1977,2,2,2501220
1977,2,3,2527160
1977,2,4,3547480
1977,2,5,1945260
1977,2,6,806965
1977,2,7,489570
1977,2,8,282088
1977,2,9,263080
1977,2,10,203542
1977,2,11,122160
1977,2,12,376514
1978,2,1,6641860
1978,2,2,2621950
1978,2,3,1416280
1978,2,4,1735690
1978,2,5,2728190
1978,2,6,1511970
1978,2,7,580660
1978,2,8,320097
1978,2,9,186248
1978,2,10,176572
1978,2,11,137162
1978,2,12,332511
1979,2,1,8391350
1979,2,2,3094840
1979,2,3,1484540
1979,2,4,971467
1979,2,5,1321420
1979,2,6,2105040
1979,2,7,1077540
1979,2,8,330858
1979,2,9,186493
1979,2,10,115743
1979,2,11,112467
1979,2,12,298654
1980,2,1,11940200
1980,2,2,3910030
1980,2,3,1752360
1980,2,4,1019110
1980,2,5,745800
1980,2,6,1026260
1980,2,7,1548500
1980,2,8,722312
1980,2,9,228732
1980,2,10,129658
1980,2,11,79586.5
1980,2,12,277027
1981,2,1,9714300
1981,2,2,5563640
1981,2,3,2213980
1981,2,4,1203140
1981,2,5,781560
1981,2,6,577645
1981,2,7,754450
1981,2,8,1067250
1981,2,9,500913
1981,2,10,162178
1981,2,11,91303.4
1981,2,12,244799
1982,2,1,8159900
1982,2,2,4526480
1982,2,3,3149990
1982,2,4,1517530
1982,2,5,911304
1982,2,6,594078
1982,2,7,399809
1982,2,8,489215
1982,2,9,711400
1982,2,10,342207
1982,2,11,111960
1982,2,12,227621
1983,2,1,9600820
1983,2,2,3761130
1983,2,3,2543730
1983,2,4,2143300
1983,2,5,1151550
1983,2,6,693713
1983,2,7,412098
1983,2,8,243918
1983,2,9,306168
1983,2,10,464650
1983,2,11,227090
1983,2,12,224189
1984,2,1,11970200
1984,2,2,4449880
1984,2,3,2128940
1984,2,4,1743170
1984,2,5,1641790
1984,2,6,887130
1984,2,7,487203
1984,2,8,253922
1984,2,9,156113
1984,2,10,203959
1984,2,11,313309
1984,2,12,303239
1985,2,1,5061760
1985,2,2,5513050
1985,2,3,2499000
1985,2,4,1445510
1985,2,5,1311870
1985,2,6,1254990
1985,2,7,643988
1985,2,8,323645
1985,2,9,168325
1985,2,10,105864
1985,2,11,138939
1985,2,12,418189
1986,2,1,9164150
1986,2,2,2331140
1986,2,3,3100560
1986,2,4,1692790
1986,2,5,1096050
1986,2,6,1016180
1986,2,7,928456
1986,2,8,437067
1986,2,9,218507
1986,2,10,115026
1986,2,11,72887.2
1986,2,12,382156
1987,2,1,7971860
1987,2,2,4197380
1987,2,3,1306450
1987,2,4,2093540
1987,2,5,1265570
1987,2,6,833680
1987,2,7,732682
1987,2,8,614704
1987,2,9,292505
1987,2,10,148866
1987,2,11,78686.7
1987,2,12,308924
1988,2,1,14877600
1988,2,2,3783820
1988,2,3,2415500
1988,2,4,904956
1988,2,5,1580480
1988,2,6,966351
1988,2,7,586584
1988,2,8,476593
1988,2,9,413777
1988,2,10,202351
1988,2,11,103365
1988,2,12,265006
1989,2,1,14679100
1989,2,2,6814610
1989,2,3,2101140
1989,2,4,1616200
1989,2,5,665694
1989,2,6,1193100
1989,2,7,674924
1989,2,8,377472
1989,2,9,315556
1989,2,10,281707
1989,2,11,138315
1989,2,12,247642
1990,2,1,6311300
1990,2,2,6791660
1990,2,3,3824380
1990,2,4,1377290
1990,2,5,1170500
1990,2,6,505100
1990,2,7,860523
1990,2,8,421362
1990,2,9,244832
1990,2,10,213435
1990,2,11,192291
1990,2,12,259947
1991,2,1,15764100
1991,2,2,2890810
1991,2,3,3794790
1991,2,4,2526930
1991,2,5,952042
1991,2,6,836743
1991,2,7,357255
1991,2,8,582968
1991,2,9,296166
1991,2,10,175473
1991,2,11,151996
1991,2,12,316095
1992,2,1,9733090
1992,2,2,7341090
1992,2,3,1641520
1992,2,4,2580970
1992,2,5,1854090
1992,2,6,700104
1992,2,7,574108
1992,2,8,228247
1992,2,9,386896
1992,2,10,205909
1992,2,11,123572
1992,2,12,325697
1993,2,1,12228800
1993,2,2,4598540
1993,2,3,4178450
1993,2,4,1121560
1993,2,5,1944720
1993,2,6,1418200
1993,2,7,489572
1993,2,8,349801
1993,2,9,144724
1993,2,10,257264
1993,2,11,139674
1993,2,12,302820
1994,2,1,13161800
1994,2,2,5710940
1994,2,3,2590310
1994,2,4,2827020
1994,2,5,816992
1994,2,6,1444640
1994,2,7,1010470
1994,2,8,323537
1994,2,9,235121
1994,2,10,98949.3
1994,2,11,175652
1994,2,12,298468
1995,2,1,17235900
1995,2,2,6216890
1995,2,3,3250120
1995,2,4,1761220
1995,2,5,2078030
1995,2,6,618126
1995,2,7,1030050
1995,2,8,678632
1995,2,9,221381
1995,2,10,163720
1995,2,11,68854.4
1995,2,12,325052
1996,2,1,10108000
1996,2,2,8047460
1996,2,3,3497350
1996,2,4,2193600
1996,2,5,1302370
1996,2,6,1584400
1996,2,7,434918
1996,2,8,692325
1996,2,9,467263
1996,2,10,154498
1996,2,11,114140
1996,2,12,270329
1997,2,1,8985230
1997,2,2,4654780
1997,2,3,4503040
1997,2,4,2339100
1997,2,5,1624380
1997,2,6,989353
1997,2,7,1128260
1997,2,8,288097
1997,2,9,462638
1997,2,10,320098
1997,2,11,106633
1997,2,12,261971
1998,2,1,6030430
1998,2,2,4122880
1998,2,3,2611420
1998,2,4,3031590
1998,2,5,1749160
1998,2,6,1239500
1998,2,7,707601
1998,2,8,743460
1998,2,9,192200
1998,2,10,315174
1998,2,11,220294
1998,2,12,251691
1999,2,1,21149600
1999,2,2,2791200
1999,2,3,2327160
1999,2,4,1777060
1999,2,5,2309540
1999,2,6,1339950
1999,2,7,864036
1999,2,8,422711
1999,2,9,456535
1999,2,10,124446
1999,2,11,208539
1999,2,12,313109
2000,2,1,5365680
2000,2,2,9704470
2000,2,3,1563000
2000,2,4,1568450
2000,2,5,1325890
2000,2,6,1748370
2000,2,7,933406
2000,2,8,548295
2000,2,9,278169
2000,2,10,307727
2000,2,11,84175
2000,2,12,351563
2001,2,1,19912600
2001,2,2,2457200
2001,2,3,5441540
2001,2,4,1053910
2001,2,5,1177660
2001,2,6,1012010
2001,2,7,1253490
2001,2,8,583192
2001,2,9,341556
2001,2,10,181990
2001,2,11,204975
2001,2,12,289674
2002,2,1,19295300
2002,2,2,9233640
2002,2,3,1391860
2002,2,4,3713760
2002,2,5,784130
2002,2,6,896168
2002,2,7,707081
2002,2,8,795006
2002,2,9,386153
2002,2,10,230885
2002,2,11,124197
2002,2,12,334885
2003,2,1,15889400
2003,2,2,8867050
2003,2,3,5169360
2003,2,4,934505
2003,2,5,2646650
2003,2,6,567411
2003,2,7,532365
2003,2,8,378003
2003,2,9,459887
2003,2,10,240447
2003,2,11,146687
2003,2,12,292571
2004,2,1,10380200
2004,2,2,7437930
2004,2,3,5044470
2004,2,4,3516510
2004,2,5,679904
2004,2,6,1950990
2004,2,7,314198
2004,2,8,256318
2004,2,9,196653
2004,2,10,261359
2004,2,11,142930
2004,2,12,264023
2005,2,1,10364200
2005,2,2,4864220
2005,2,3,4211740
2005,2,4,3437740
2005,2,5,2513830
2005,2,6,503601
2005,2,7,1324980
2005,2,8,182217
2005,2,9,146628
2005,2,10,115390
2005,2,11,156644
2005,2,12,246701
2006,2,1,16587100
2006,2,2,4773710
2006,2,3,2722650
2006,2,4,2821600
2006,2,5,2418670
2006,2,6,1834470
2006,2,7,322658
2006,2,8,714710
2006,2,9,100420
2006,2,10,84263.3
2006,2,11,67567.4
2006,2,12,239351
2007,2,1,21453900
2007,2,2,7654610
2007,2,3,2690070
2007,2,4,1837490
2007,2,5,2030380
2007,2,6,1809540
2007,2,7,1210530
2007,2,8,175824
2007,2,9,395190
2007,2,10,58160.1
2007,2,11,49677.9
2007,2,12,182563
2008,2,1,14740300
2008,2,2,9882670
2008,2,3,4310040
2008,2,4,1832980
2008,2,5,1373060
2008,2,6,1564350
2008,2,7,1262680
2008,2,8,725876
2008,2,9,103742
2008,2,10,237716
2008,2,11,35280.2
2008,2,12,140732
2009,2,1,14513000
2009,2,2,6751570
2009,2,3,5543270
2009,2,4,2918260
2009,2,5,1352520
2009,2,6,1031760
2009,2,7,1070860
2009,2,8,743912
2009,2,9,421602
2009,2,10,61915.2
2009,2,11,144127
2009,2,12,106811
2010,2,1,18818500
2010,2,2,6726350
2010,2,3,3825950
2010,2,4,3795580
2010,2,5,2184550
2010,2,6,1031150
2010,2,7,667245
2010,2,8,639238
2010,2,9,452232
2010,2,10,260925
2010,2,11,38746.5
2010,2,12,157504
2011,2,1,24324100
2011,2,2,8620150
2011,2,3,3767760
2011,2,4,2600930
2011,2,5,2864050
2011,2,6,1653660
2011,2,7,623132
2011,2,8,327855
2011,2,9,330948
2011,2,10,253269
2011,2,11,151450
2011,2,12,116280
2012,2,1,9085900
2012,2,2,11141500
2012,2,3,4844700
2012,2,4,2554500
2012,2,5,1932900
2012,2,6,2131190
2012,2,7,981424
2012,2,8,248189
2012,2,9,139518
2012,2,10,162237
2012,2,11,133346
2012,2,12,145702
2013,2,1,13615900
2013,2,2,4161820
2013,2,3,6260390
2013,2,4,3282350
2013,2,5,1852650
2013,2,6,1434620
2013,2,7,1325780
2013,2,8,475425
2013,2,9,120662
2013,2,10,73367.6
2013,2,11,89689.9
2013,2,12,158850
2014,2,1,17520300
2014,2,2,6302010
2014,2,3,2355900
2014,2,4,4273730
2014,2,5,2402830
2014,2,6,1398950
2014,2,7,893350
2014,2,8,660739
2014,2,9,247433
2014,2,10,65952.3
2014,2,11,41314.7
2014,2,12,143561
2015,2,1,16356600
2015,2,2,8070050
2015,2,3,3543010
2015,2,4,1601900
2015,2,5,3189170
2015,2,6,1841530
2015,2,7,843280
2015,2,8,379744
2015,2,9,304698
2015,2,10,129021
2015,2,11,35874.6
2015,2,12,103089
2016,2,1,8820230
2016,2,2,7492010
2016,2,3,4523820
2016,2,4,2375010
2016,2,5,1108620
2016,2,6,2293410
2016,2,7,1098370
2016,2,8,273147
2016,2,9,136619
2016,2,10,135904
2016,2,11,63358.8
2016,2,12,70372.2
2017,2,1,10148300
2017,2,2,4082510
2017,2,3,4237450
2017,2,4,3041650
2017,2,5,1587110
2017,2,6,795607
2017,2,7,1509900
2017,2,8,534224
2017,2,9,149440
2017,2,10,79767.2
2017,2,11,79345.8
2017,2,12,77083.4
2018,2,1,23264800
2018,2,2,4722840
2018,2,3,2310050
2018,2,4,2875690
2018,2,5,2136400
2018,2,6,1185900
2018,2,7,490600
2018,2,8,763745
2018,2,9,294946
2018,2,10,91668.1
2018,2,11,49272
2018,2,12,94547.6
2019,2,1,19584800
2019,2,2,10655300
2019,2,3,2638360
2019,2,4,1551570
2019,2,5,2065890
2019,2,6,1595580
2019,2,7,655738
2019,2,8,180339
2019,2,9,319407
2019,2,10,147911
2019,2,11,50217.2
2019,2,12,79493.8
2020,2,1,15140400
2020,2,2,9021180
2020,2,3,6011490
2020,2,4,1789910
2020,2,5,1146570
2020,2,6,1574750
2020,2,7,1036320
2020,2,8,290876
2020,2,9,90566.6
2020,2,10,178453
2020,2,11,85345.4
2020,2,12,75156.9
2021,2,1,12014200
2021,2,2,6973970
2021,2,3,5077850
2021,2,4,4064510
2021,2,5,1262670
2021,2,6,832574
2021,2,7,989453
2021,2,8,471218
2021,2,9,144433
2021,2,10,51221.2
2021,2,11,103805
2021,2,12,93171.1
2022,2,1,12892100
2022,2,2,5590780
2022,2,3,3950560
2022,2,4,3435280
2022,2,5,2765400
2022,2,6,884015
2022,2,7,399872
2022,2,8,337161
2022,2,9,189254
2022,2,10,70677.5
2022,2,11,27390.2
2022,2,12,107182
