sex,year,age,f
1,1995,0,0.014247
2,1995,0,0.014237
1,1996,0,0.008711
2,1996,0,0.00870499999999999
1,1997,0,0.010871
2,1997,0,0.010863
1,1998,0,0.013805
2,1998,0,0.013795
1,1999,0,0.020557
2,1999,0,0.020541
1,2000,0,0.014848
2,2000,0,0.014837
1,2001,0,0.015641
2,2001,0,0.015628
1,2002,0,0.018754
2,2002,0,0.01874
1,2003,0,0.018097
2,2003,0,0.018084
1,2004,0,0.02673
2,2004,0,0.02671
1,2005,0,0.018293
2,2005,0,0.01828
1,2006,0,0.018683
2,2006,0,0.018669
1,2007,0,0.014431
2,2007,0,0.01442
1,2008,0,0.019638
2,2008,0,0.019623
1,2009,0,0.018596
2,2009,0,0.018582
1,2010,0,0.02041
2,2010,0,0.020395
1,2011,0,0.014328
2,2011,0,0.014318
1,2012,0,0.020452
2,2012,0,0.020438
1,2013,0,0.016845
2,2013,0,0.016833
1,2014,0,0.018194
2,2014,0,0.01818
1,2015,0,0.01507
2,2015,0,0.015059
1,2016,0,0.013681
2,2016,0,0.013671
1,2017,0,0.00864299999999998
2,2017,0,0.00863599999999998
1,2018,0,0.00877999999999998
2,2018,0,0.00877399999999998
1,2019,0,0.011326
2,2019,0,0.011318
1,2020,0,0.00888599999999998
2,2020,0,0.00888
1,2021,0,0.010436
2,2021,0,0.010428
1,2022,0,0.00965999999999997
2,2022,0,0.00965299999999999
1,2023,0,0.00644399999999998
2,2023,0,0.006439
1,1995,1,0.033766
2,1995,1,0.033691
1,1996,1,0.021022
2,1996,1,0.020976
1,1997,1,0.025836
2,1997,1,0.02578
1,1998,1,0.033683
2,1998,1,0.033609
1,1999,1,0.05053
2,1999,1,0.050418
1,2000,1,0.035824
2,2000,1,0.035744
1,2001,1,0.038254
2,2001,1,0.038169
1,2002,1,0.044911
2,2002,1,0.044812
1,2003,1,0.043504
2,2003,1,0.043408
1,2004,1,0.064228
2,2004,1,0.064085
1,2005,1,0.043857
2,2005,1,0.04376
1,2006,1,0.044485
2,2006,1,0.044387
1,2007,1,0.034447
2,2007,1,0.034371
1,2008,1,0.046976
2,2008,1,0.046872
1,2009,1,0.044094
2,2009,1,0.043996
1,2010,1,0.048414
2,2010,1,0.048308
1,2011,1,0.034105
2,2011,1,0.03403
1,2012,1,0.048486
2,2012,1,0.04838
1,2013,1,0.039888
2,2013,1,0.039801
1,2014,1,0.043178
2,2014,1,0.043083
1,2015,1,0.035602
2,2015,1,0.035524
1,2016,1,0.032474
2,2016,1,0.032404
1,2017,1,0.020438
2,2017,1,0.020394
1,2018,1,0.021199
2,2018,1,0.021153
1,2019,1,0.027097
2,2019,1,0.027039
1,2020,1,0.0214
2,2020,1,0.021353
1,2021,1,0.024919
2,2021,1,0.024865
1,2022,1,0.023497
2,2022,1,0.023446
1,2023,1,0.015401
2,2023,1,0.015367
1,1995,2,0.069332
2,1995,2,0.069138
1,1996,2,0.04307
2,1996,2,0.04296
1,1997,2,0.052738
2,1997,2,0.052599
1,1998,2,0.069155
2,1998,2,0.068981
1,1999,2,0.103993
2,1999,2,0.103733
1,2000,2,0.0736
2,2000,2,0.073407
1,2001,2,0.078704
2,2001,2,0.078505
1,2002,2,0.092226
2,2002,2,0.091977
1,2003,2,0.08939
2,2003,2,0.089151
1,2004,2,0.131974
2,2004,2,0.13162
1,2005,2,0.089993
2,2005,2,0.089753
1,2006,2,0.091303
2,2006,2,0.091053
1,2007,2,0.070684
2,2007,2,0.070493
1,2008,2,0.096464
2,2008,2,0.096203
1,2009,2,0.090493
2,2009,2,0.090242
1,2010,2,0.099277
2,2010,2,0.099004
1,2011,2,0.069745
2,2011,2,0.069559
1,2012,2,0.099334
2,2012,2,0.099062
1,2013,2,0.081576
2,2013,2,0.081355
1,2014,2,0.08835
2,2014,2,0.088111
1,2015,2,0.072708
2,2015,2,0.072511
1,2016,2,0.066326
2,2016,2,0.06615
1,2017,2,0.0414
2,2017,2,0.041296
1,2018,2,0.04318
2,2018,2,0.043075
1,2019,2,0.055167
2,2019,2,0.055028
1,2020,2,0.043619
2,2020,2,0.043511
1,2021,2,0.050943
2,2021,2,0.050809
1,2022,2,0.04786
2,2022,2,0.047747
1,2023,2,0.031631
2,2023,2,0.031545
1,1995,3,0.118827
2,1995,3,0.118574
1,1996,3,0.072861
2,1996,3,0.072724
1,1997,3,0.08946
2,1997,3,0.089283
1,1998,3,0.116662
2,1998,3,0.116451
1,1999,3,0.175374
2,1999,3,0.175062
1,2000,3,0.125043
2,2000,3,0.124799
1,2001,3,0.133021
2,2001,3,0.132778
1,2002,3,0.157201
2,2002,3,0.156884
1,2003,3,0.152194
2,2003,3,0.151891
1,2004,3,0.22475
2,2004,3,0.224302
1,2005,3,0.153133
2,2005,3,0.152828
1,2006,3,0.155993
2,2006,3,0.15567
1,2007,3,0.120557
2,2007,3,0.120312
1,2008,3,0.164521
2,2008,3,0.164187
1,2009,3,0.154944
2,2009,3,0.154616
1,2010,3,0.169739
2,2010,3,0.169383
1,2011,3,0.118541
2,2011,3,0.118304
1,2012,3,0.169659
2,2012,3,0.169306
1,2013,3,0.139054
2,2013,3,0.138768
1,2014,3,0.150533
2,2014,3,0.150225
1,2015,3,0.123835
2,2015,3,0.123581
1,2016,3,0.112684
2,2016,3,0.112459
1,2017,3,0.06961
2,2017,3,0.069481
1,2018,3,0.07238
2,2018,3,0.072254
1,2019,3,0.092867
2,2019,3,0.092696
1,2020,3,0.073297
2,2020,3,0.073166
1,2021,3,0.086389
2,2021,3,0.08622
1,2022,3,0.079898
2,2022,3,0.079765
1,2023,3,0.053986
2,2023,3,0.053876
1,1995,4,0.173784
2,1995,4,0.1737
1,1996,4,0.105309
2,1996,4,0.105271
1,1997,4,0.129776
2,1997,4,0.129721
1,1998,4,0.168064
2,1998,4,0.168013
1,1999,4,0.252392
2,1999,4,0.252322
1,2000,4,0.181333
2,2000,4,0.181264
1,2001,4,0.191866
2,2001,4,0.191807
1,2002,4,0.228713
2,2002,4,0.228617
1,2003,4,0.221151
2,2003,4,0.221062
1,2004,4,0.326655
2,2004,4,0.326523
1,2005,4,0.222476
2,2005,4,0.222385
1,2006,4,0.227491
2,2006,4,0.227388
1,2007,4,0.175539
2,2007,4,0.175463
1,2008,4,0.239495
2,2008,4,0.239393
1,2009,4,0.226427
2,2009,4,0.226319
1,2010,4,0.247767
2,2010,4,0.247651
1,2011,4,0.172194
2,2011,4,0.172121
1,2012,4,0.247469
2,2012,4,0.247354
1,2013,4,0.20255
2,2013,4,0.202457
1,2014,4,0.219144
2,2014,4,0.219046
1,2015,4,0.18031
2,2015,4,0.180226
1,2016,4,0.16368
2,2016,4,0.163609
1,2017,4,0.100346
2,2017,4,0.100306
1,2018,4,0.103863
2,2018,4,0.103831
1,2019,4,0.13383
2,2019,4,0.133782
1,2020,4,0.10541
2,2020,4,0.105375
1,2021,4,0.125231
2,2021,4,0.12518
1,2022,4,0.11419
2,2022,4,0.114161
1,2023,4,0.078638
2,2023,4,0.078604
1,1995,5,0.223976
2,1995,5,0.224345
1,1996,5,0.134712
2,1996,5,0.134932
1,1997,5,0.166501
2,1997,5,0.166766
1,1998,5,0.214457
2,1998,5,0.214812
1,1999,5,0.32174
2,1999,5,0.32228
1,2000,5,0.232389
2,2000,5,0.232774
1,2001,5,0.244958
2,2001,5,0.245368
1,2002,5,0.293762
2,2002,5,0.294247
1,2003,5,0.28379
2,2003,5,0.284261
1,2004,5,0.41924
2,2004,5,0.419935
1,2005,5,0.285511
2,2005,5,0.28598
1,2006,5,0.292665
2,2006,5,0.293147
1,2007,5,0.225604
2,2007,5,0.225975
1,2008,5,0.307724
2,2008,5,0.308232
1,2009,5,0.291693
2,2009,5,0.292172
1,2010,5,0.318984
2,2010,5,0.319506
1,2011,5,0.221063
2,2011,5,0.221419
1,2012,5,0.318487
2,2012,5,0.319005
1,2013,5,0.260504
2,2013,5,0.260923
1,2014,5,0.28172
2,2014,5,0.282175
1,2015,5,0.231884
2,2015,5,0.232255
1,2016,5,0.210164
2,2016,5,0.2105
1,2017,5,0.128344
2,2017,5,0.128538
1,2018,5,0.132332
2,2018,5,0.13254
1,2019,5,0.171014
2,2019,5,0.171282
1,2020,5,0.134488
2,2020,5,0.134701
1,2021,5,0.160559
2,2021,5,0.160818
1,2022,5,0.145097
2,2022,5,0.145325
1,2023,5,0.101081
2,2023,5,0.101248
1,1995,6,0.262185
2,1995,6,0.263215
1,1996,6,0.157095
2,1996,6,0.15769
1,1997,6,0.194592
2,1997,6,0.195325
1,1998,6,0.249664
2,1998,6,0.25061
1,1999,6,0.37421
2,1999,6,0.375638
1,2000,6,0.271162
2,2000,6,0.272209
1,2001,6,0.285164
2,2001,6,0.286257
1,2002,6,0.343223
2,2002,6,0.344556
1,2003,6,0.331374
2,2003,6,0.332661
1,2004,6,0.489575
2,2004,6,0.491477
1,2005,6,0.333464
2,2005,6,0.334752
1,2006,6,0.342274
2,2006,6,0.343608
1,2007,6,0.26371
2,2007,6,0.264733
1,2008,6,0.359609
2,2008,6,0.361007
1,2009,6,0.341395
2,2009,6,0.342732
1,2010,6,0.373254
2,2010,6,0.374707
1,2011,6,0.258377
2,2011,6,0.259361
1,2012,6,0.37265
2,2012,6,0.374093
1,2013,6,0.304775
2,2013,6,0.305944
1,2014,6,0.32949
2,2014,6,0.330754
1,2015,6,0.271339
2,2015,6,0.272373
1,2016,6,0.245706
2,2016,6,0.246637
1,2017,6,0.14992
2,2017,6,0.150458
1,2018,6,0.154117
2,2018,6,0.154676
1,2019,6,0.199506
2,2019,6,0.200237
1,2020,6,0.156731
2,2020,6,0.157305
1,2021,6,0.187534
2,2021,6,0.188244
1,2022,6,0.168729
2,2022,6,0.169335
1,2023,6,0.118147
2,2023,6,0.118607
1,1995,7,0.285234
2,1995,7,0.287054
1,1996,7,0.170716
2,1996,7,0.171761
1,1997,7,0.211826
2,1997,7,0.21312
1,1998,7,0.270997
2,1998,7,0.272652
1,1999,7,0.405811
2,1999,7,0.408304
1,2000,7,0.29457
2,2000,7,0.296409
1,2001,7,0.309384
2,2001,7,0.311295
1,2002,7,0.373093
2,2002,7,0.37544
1,2003,7,0.360077
2,2003,7,0.362339
1,2004,7,0.531998
2,2004,7,0.535342
1,2005,7,0.36249
2,2005,7,0.364755
1,2006,7,0.372252
2,2006,7,0.374606
1,2007,7,0.28676
2,2007,7,0.288564
1,2008,7,0.390939
2,2008,7,0.393402
1,2009,7,0.371419
2,2009,7,0.37378
1,2010,7,0.406114
2,2010,7,0.40868
1,2011,7,0.281153
2,2011,7,0.282889
1,2012,7,0.405525
2,2012,7,0.408075
1,2013,7,0.331772
2,2013,7,0.333838
1,2014,7,0.358589
2,2014,7,0.360821
1,2015,7,0.295485
2,2015,7,0.297313
1,2016,7,0.26747
2,2016,7,0.269114
1,2017,7,0.163442
2,2017,7,0.164394
1,2018,7,0.167609
2,2018,7,0.168591
1,2019,7,0.217144
2,2019,7,0.218432
1,2020,7,0.17047
2,2020,7,0.171478
1,2021,7,0.204025
2,2021,7,0.205276
1,2022,7,0.18339
2,2022,7,0.18445
1,2023,7,0.128447
2,2023,7,0.129258
1,1995,8,0.29313
2,1995,8,0.295646
1,1996,8,0.175613
2,1996,8,0.177056
1,1997,8,0.218216
2,1997,8,0.220006
1,1998,8,0.278544
2,1998,8,0.280826
1,1999,8,0.416707
2,1999,8,0.420139
1,2000,8,0.302673
2,2000,8,0.305211
1,2001,8,0.317726
2,2001,8,0.320359
1,2002,8,0.383422
2,2002,8,0.386664
1,2003,8,0.36996
2,2003,8,0.373083
1,2004,8,0.546597
2,2004,8,0.551214
1,2005,8,0.372639
2,2005,8,0.375769
1,2006,8,0.382628
2,2006,8,0.385881
1,2007,8,0.294785
2,2007,8,0.297277
1,2008,8,0.401762
2,2008,8,0.405165
1,2009,8,0.381776
2,2009,8,0.385041
1,2010,8,0.417578
2,2010,8,0.421127
1,2011,8,0.289415
2,2011,8,0.291815
1,2012,8,0.417125
2,2012,8,0.420651
1,2013,8,0.341503
2,2013,8,0.344361
1,2014,8,0.369033
2,2014,8,0.372121
1,2015,8,0.304321
2,2015,8,0.306852
1,2016,8,0.275469
2,2016,8,0.277743
1,2017,8,0.168913
2,2017,8,0.170232
1,2018,8,0.172845
2,2018,8,0.174202
1,2019,8,0.223957
2,2019,8,0.225737
1,2020,8,0.175739
2,2020,8,0.177132
1,2021,8,0.210055
2,2021,8,0.211784
1,2022,8,0.189134
2,2022,8,0.190598
1,2023,8,0.131994
2,2023,8,0.133115
1,1995,9,0.288684
2,1995,9,0.29146
1,1996,9,0.173405
2,1996,9,0.174996
1,1997,9,0.21576
2,1997,9,0.217737
1,1998,9,0.274877
2,1998,9,0.277392
1,1999,9,0.410777
2,1999,9,0.414558
1,2000,9,0.298323
2,2000,9,0.301122
1,2001,9,0.313161
2,2001,9,0.316062
1,2002,9,0.377842
2,2002,9,0.381418
1,2003,9,0.364526
2,2003,9,0.36797
1,2004,9,0.53855
2,2004,9,0.543642
1,2005,9,0.36742
2,2005,9,0.370871
1,2006,9,0.37704
2,2006,9,0.380629
1,2007,9,0.290573
2,2007,9,0.293322
1,2008,9,0.395889
2,2008,9,0.399643
1,2009,9,0.376112
2,2009,9,0.379715
1,2010,9,0.411611
2,2010,9,0.415527
1,2011,9,0.285843
2,2011,9,0.288492
1,2012,9,0.411386
2,2012,9,0.415278
1,2013,9,0.337155
2,2013,9,0.340309
1,2014,9,0.364269
2,2014,9,0.367677
1,2015,9,0.300667
2,2015,9,0.303462
1,2016,9,0.272241
2,2016,9,0.274752
1,2017,9,0.167799
2,2017,9,0.169257
1,2018,9,0.171348
2,2018,9,0.172846
1,2019,9,0.221934
2,2019,9,0.223901
1,2020,9,0.1741
2,2020,9,0.175639
1,2021,9,0.207557
2,2021,9,0.209465
1,2022,9,0.187609
2,2022,9,0.189224
1,2023,9,0.130045
2,2023,9,0.131281
1,1995,10,0.276388
2,1995,10,0.278839
1,1996,10,0.16667
2,1996,10,0.168075
1,1997,10,0.207657
2,1997,10,0.209402
1,1998,10,0.264074
2,1998,10,0.266293
1,1999,10,0.394154
2,1999,10,0.39749
1,2000,10,0.286054
2,2000,10,0.288523
1,2001,10,0.300392
2,2001,10,0.302951
1,2002,10,0.362143
2,2002,10,0.365299
1,2003,10,0.349353
2,2003,10,0.352392
1,2004,10,0.516105
2,2004,10,0.520598
1,2005,10,0.352419
2,2005,10,0.355465
1,2006,10,0.361295
2,2006,10,0.364462
1,2007,10,0.278573
2,2007,10,0.281
1,2008,10,0.379396
2,2008,10,0.382709
1,2009,10,0.360257
2,2009,10,0.363436
1,2010,10,0.394548
2,2010,10,0.398005
1,2011,10,0.274725
2,2011,10,0.277064
1,2012,10,0.394605
2,2012,10,0.398041
1,2013,10,0.32383
2,2013,10,0.326615
1,2014,10,0.349812
2,2014,10,0.352821
1,2015,10,0.289044
2,2015,10,0.291512
1,2016,10,0.261848
2,2016,10,0.264066
1,2017,10,0.162459
2,2017,10,0.163748
1,2018,10,0.165543
2,2018,10,0.166866
1,2019,10,0.21426
2,2019,10,0.215997
1,2020,10,0.168045
2,2020,10,0.169403
1,2021,10,0.199618
2,2021,10,0.201303
1,2022,10,0.18143
2,2022,10,0.182857
1,2023,10,0.124599
2,2023,10,0.12569
1,1995,11,0.260638
2,1995,11,0.262316
1,1996,11,0.157928
2,1996,11,0.15889
1,1997,11,0.197036
2,1997,11,0.198233
1,1998,11,0.250114
2,1998,11,0.251634
1,1999,11,0.372821
2,1999,11,0.375105
1,2000,11,0.270292
2,2000,11,0.271983
1,2001,11,0.284009
2,2001,11,0.285762
1,2002,11,0.341983
2,2002,11,0.344144
1,2003,11,0.329889
2,2003,11,0.33197
1,2004,11,0.487317
2,2004,11,0.490393
1,2005,11,0.3331
2,2005,11,0.335186
1,2006,11,0.341072
2,2006,11,0.343241
1,2007,11,0.263138
2,2007,11,0.264799
1,2008,11,0.358223
2,2008,11,0.360491
1,2009,11,0.33991
2,2009,11,0.342087
1,2010,11,0.372587
2,2010,11,0.374955
1,2011,11,0.260255
2,2011,11,0.261858
1,2012,11,0.372941
2,2012,11,0.375294
1,2013,11,0.306523
2,2013,11,0.308431
1,2014,11,0.331057
2,2014,11,0.333119
1,2015,11,0.273876
2,2015,11,0.275568
1,2016,11,0.248267
2,2016,11,0.249786
1,2017,11,0.155204
2,2017,11,0.15609
1,2018,11,0.157802
2,2018,11,0.15871
1,2019,11,0.204047
2,2019,11,0.205239
1,2020,11,0.160009
2,2020,11,0.160941
1,2021,11,0.18926
2,2021,11,0.190415
1,2022,11,0.173157
2,2022,11,0.174136
1,2023,11,0.117613
2,2023,11,0.118359
1,1995,12,0.244587
2,1995,12,0.245309
1,1996,12,0.148988
2,1996,12,0.149403
1,1997,12,0.186147
2,1997,12,0.186665
1,1998,12,0.235854
2,1998,12,0.23651
1,1999,12,0.35107
2,1999,12,0.352054
1,2000,12,0.254218
2,2000,12,0.254947
1,2001,12,0.267307
2,2001,12,0.268063
1,2002,12,0.321426
2,2002,12,0.322357
1,2003,12,0.310047
2,2003,12,0.310943
1,2004,12,0.45797
2,2004,12,0.459295
1,2005,12,0.313384
2,2005,12,0.314284
1,2006,12,0.320449
2,2006,12,0.321383
1,2007,12,0.247391
2,2007,12,0.248107
1,2008,12,0.336634
2,2008,12,0.337611
1,2009,12,0.319167
2,2009,12,0.320104
1,2010,12,0.35018
2,2010,12,0.351201
1,2011,12,0.245448
2,2011,12,0.246141
1,2012,12,0.350819
2,2012,12,0.351834
1,2013,12,0.288821
2,2013,12,0.289645
1,2014,12,0.311881
2,2014,12,0.312771
1,2015,12,0.258343
2,2015,12,0.259075
1,2016,12,0.234353
2,2016,12,0.23501
1,2017,12,0.147698
2,2017,12,0.148085
1,2018,12,0.14983
2,2018,12,0.150225
1,2019,12,0.193536
2,2019,12,0.194054
1,2020,12,0.151743
2,2020,12,0.152148
1,2021,12,0.178654
2,2021,12,0.179153
1,2022,12,0.164628
2,2022,12,0.165054
1,2023,12,0.110491
2,2023,12,0.110812
1,1995,13,0.229986
2,1995,13,0.229792
1,1996,13,0.140853
2,1996,13,0.140745
1,1997,13,0.176239
2,1997,13,0.176107
1,1998,13,0.22288
2,1998,13,0.222709
1,1999,13,0.331279
2,1999,13,0.331019
1,2000,13,0.239595
2,2000,13,0.239401
1,2001,13,0.252112
2,2001,13,0.251912
1,2002,13,0.302724
2,2002,13,0.302476
1,2003,13,0.291996
2,2003,13,0.291757
1,2004,13,0.431272
2,2004,13,0.430919
1,2005,13,0.295447
2,2005,13,0.29521
1,2006,13,0.301687
2,2006,13,0.301439
1,2007,13,0.233065
2,2007,13,0.232875
1,2008,13,0.316993
2,2008,13,0.316733
1,2009,13,0.300296
2,2009,13,0.300046
1,2010,13,0.329795
2,2010,13,0.329525
1,2011,13,0.231975
2,2011,13,0.231797
1,2012,13,0.330693
2,2012,13,0.330426
1,2013,13,0.272714
2,2013,13,0.272501
1,2014,13,0.294433
2,2014,13,0.294202
1,2015,13,0.24421
2,2015,13,0.244022
1,2016,13,0.221692
2,2016,13,0.221524
1,2017,13,0.140865
2,2017,13,0.140774
1,2018,13,0.142574
2,2018,13,0.142478
1,2019,13,0.18397
2,2019,13,0.183843
1,2020,13,0.144221
2,2020,13,0.144121
1,2021,13,0.169003
2,2021,13,0.168875
1,2022,13,0.156864
2,2022,13,0.156761
1,2023,13,0.104011
2,2023,13,0.103926
1,1995,14,0.217529
2,1995,14,0.216583
1,1996,14,0.133924
2,1996,14,0.133386
1,1997,14,0.167809
2,1997,14,0.167144
1,1998,14,0.211821
2,1998,14,0.21097
1,1999,14,0.314397
2,1999,14,0.313113
1,2000,14,0.227122
2,2000,14,0.226171
1,2001,14,0.239149
2,2001,14,0.238163
1,2002,14,0.286773
2,2002,14,0.285556
1,2003,14,0.276597
2,2003,14,0.275425
1,2004,14,0.408498
2,2004,14,0.406765
1,2005,14,0.280154
2,2005,14,0.278982
1,2006,14,0.285687
2,2006,14,0.284465
1,2007,14,0.220849
2,2007,14,0.219914
1,2008,14,0.300241
2,2008,14,0.298963
1,2009,14,0.2842
2,2009,14,0.282973
1,2010,14,0.312414
2,2010,14,0.311083
1,2011,14,0.220503
2,2011,14,0.219608
1,2012,14,0.313539
2,2012,14,0.312218
1,2013,14,0.258997
2,2013,14,0.25793
1,2014,14,0.279572
2,2014,14,0.278418
1,2015,14,0.23218
2,2015,14,0.231237
1,2016,14,0.210918
2,2016,14,0.210071
1,2017,14,0.135077
2,2017,14,0.134594
1,2018,14,0.136413
2,2018,14,0.135914
1,2019,14,0.175845
2,2019,14,0.175189
1,2020,14,0.13783
2,2020,14,0.137316
1,2021,14,0.160787
2,2021,14,0.160144
1,2022,14,0.150275
2,2022,14,0.149738
1,2023,14,0.098485
2,2023,14,0.098064
1,1995,15,0.207294
2,1995,15,0.205792
1,1996,15,0.128245
2,1996,15,0.127391
1,1997,15,0.160915
2,1997,15,0.159859
1,1998,15,0.20275
2,1998,15,0.201398
1,1999,15,0.300528
2,1999,15,0.29849
1,2000,15,0.216878
2,2000,15,0.215369
1,2001,15,0.228499
2,2001,15,0.226935
1,2002,15,0.273672
2,2002,15,0.271742
1,2003,15,0.263947
2,2003,15,0.262088
1,2004,15,0.389787
2,2004,15,0.387038
1,2005,15,0.267601
2,2005,15,0.265741
1,2006,15,0.272545
2,2006,15,0.270608
1,2007,15,0.210819
2,2007,15,0.209336
1,2008,15,0.286481
2,2008,15,0.284455
1,2009,15,0.270979
2,2009,15,0.269033
1,2010,15,0.298146
2,2010,15,0.296034
1,2011,15,0.211108
2,2011,15,0.209687
1,2012,15,0.299466
2,2012,15,0.29737
1,2013,15,0.247758
2,2013,15,0.246064
1,2014,15,0.267392
2,2014,15,0.265561
1,2015,15,0.222334
2,2015,15,0.220836
1,2016,15,0.202101
2,2016,15,0.200756
1,2017,15,0.130377
2,2017,15,0.129609
1,2018,15,0.131392
2,2018,15,0.130598
1,2019,15,0.169221
2,2019,15,0.168177
1,2020,15,0.132616
2,2020,15,0.131799
1,2021,15,0.154062
2,2021,15,0.15304
1,2022,15,0.144909
2,2022,15,0.144055
1,2023,15,0.093944
2,2023,15,0.093277
1,1995,16,0.199059
2,1995,16,0.197188
1,1996,16,0.123693
2,1996,16,0.122629
1,1997,16,0.155405
2,1997,16,0.154088
1,1998,16,0.195468
2,1998,16,0.193784
1,1999,16,0.289373
2,1999,16,0.286833
1,2000,16,0.208643
2,2000,16,0.206762
1,2001,16,0.219933
2,2001,16,0.217983
1,2002,16,0.263138
2,2002,16,0.260734
1,2003,16,0.253773
2,2003,16,0.251456
1,2004,16,0.374738
2,2004,16,0.371313
1,2005,16,0.257516
2,2005,16,0.255199
1,2006,16,0.261981
2,2006,16,0.259567
1,2007,16,0.202759
2,2007,16,0.200912
1,2008,16,0.275417
2,2008,16,0.272893
1,2009,16,0.260348
2,2009,16,0.257923
1,2010,16,0.286683
2,2010,16,0.284051
1,2011,16,0.203582
2,2011,16,0.201812
1,2012,16,0.288169
2,2012,16,0.285558
1,2013,16,0.238752
2,2013,16,0.236642
1,2014,16,0.257628
2,2014,16,0.255346
1,2015,16,0.214454
2,2015,16,0.212588
1,2016,16,0.195047
2,2016,16,0.193373
1,2017,16,0.126658
2,2017,16,0.125701
1,2018,16,0.127397
2,2018,16,0.126408
1,2019,16,0.163948
2,2019,16,0.162648
1,2020,16,0.128462
2,2020,16,0.127445
1,2021,16,0.148679
2,2021,16,0.147406
1,2022,16,0.140644
2,2022,16,0.13958
1,2023,16,0.090293
2,2023,16,0.089461
1,1995,17,0.192506
2,1995,17,0.190416
1,1996,17,0.120086
2,1996,17,0.118898
1,1997,17,0.151054
2,1997,17,0.149584
1,1998,17,0.189689
2,1998,17,0.187808
1,1999,17,0.280499
2,1999,17,0.277661
1,2000,17,0.202095
2,2000,17,0.199993
1,2001,17,0.213118
2,2001,17,0.21094
1,2002,17,0.254763
2,2002,17,0.252076
1,2003,17,0.24568
2,2003,17,0.243091
1,2004,17,0.362766
2,2004,17,0.358939
1,2005,17,0.249505
2,2005,17,0.246917
1,2006,17,0.253581
2,2006,17,0.250885
1,2007,17,0.196354
2,2007,17,0.194291
1,2008,17,0.266619
2,2008,17,0.263798
1,2009,17,0.251893
2,2009,17,0.249184
1,2010,17,0.277576
2,2010,17,0.274636
1,2011,17,0.197626
2,2011,17,0.195649
1,2012,17,0.279203
2,2012,17,0.276287
1,2013,17,0.231619
2,2013,17,0.229263
1,2014,17,0.249891
2,2014,17,0.247344
1,2015,17,0.208223
2,2015,17,0.20614
1,2016,17,0.189472
2,2016,17,0.187603
1,2017,17,0.123756
2,2017,17,0.12269
1,2018,17,0.12426
2,2018,17,0.123158
1,2019,17,0.159805
2,2019,17,0.158355
1,2020,17,0.125196
2,2020,17,0.12406
1,2021,17,0.144422
2,2021,17,0.143001
1,2022,17,0.1373
2,2022,17,0.136114
1,2023,17,0.087389
2,2023,17,0.086459
1,1995,18,0.187313
2,1995,18,0.185115
1,1996,18,0.117242
2,1996,18,0.115994
1,1997,18,0.147636
2,1997,18,0.146093
1,1998,18,0.185123
2,1998,18,0.183146
1,1999,18,0.273468
2,1999,18,0.270484
1,2000,18,0.196909
2,2000,18,0.1947
1,2001,18,0.207718
2,2001,18,0.205428
1,2002,18,0.24813
2,2002,18,0.245305
1,2003,18,0.239268
2,2003,18,0.236546
1,2004,18,0.353282
2,2004,18,0.349257
1,2005,18,0.243169
2,2005,18,0.240448
1,2006,18,0.246931
2,2006,18,0.244096
1,2007,18,0.191286
2,2007,18,0.189116
1,2008,18,0.259651
2,2008,18,0.256686
1,2009,18,0.245197
2,2009,18,0.242348
1,2010,18,0.27037
2,2010,18,0.26728
1,2011,18,0.192934
2,2011,18,0.190858
1,2012,18,0.272119
2,2012,18,0.269054
1,2013,18,0.225996
2,2013,18,0.223521
1,2014,18,0.24379
2,2014,18,0.241113
1,2015,18,0.20332
2,2015,18,0.201133
1,2016,18,0.185088
2,2016,18,0.183125
1,2017,18,0.12151
2,2017,18,0.120393
1,2018,18,0.121813
2,2018,18,0.120656
1,2019,18,0.156571
2,2019,18,0.15505
1,2020,18,0.122642
2,2020,18,0.121451
1,2021,18,0.141072
2,2021,18,0.13958
1,2022,18,0.134695
2,2022,18,0.133451
1,2023,18,0.085088
2,2023,18,0.084111
1,1995,19,0.183195
2,1995,19,0.180968
1,1996,19,0.115
2,1996,19,0.113736
1,1997,19,0.144953
2,1997,19,0.143392
1,1998,19,0.181515
2,1998,19,0.179513
1,1999,19,0.267897
2,1999,19,0.264873
1,2000,19,0.192803
2,2000,19,0.190564
1,2001,19,0.203439
2,2001,19,0.201118
1,2002,19,0.242876
2,2002,19,0.240014
1,2003,19,0.234186
2,2003,19,0.231428
1,2004,19,0.345764
2,2004,19,0.341686
1,2005,19,0.238156
2,2005,19,0.235399
1,2006,19,0.241664
2,2006,19,0.238791
1,2007,19,0.187275
2,2007,19,0.185076
1,2008,19,0.254131
2,2008,19,0.251126
1,2009,19,0.239891
2,2009,19,0.237005
1,2010,19,0.264669
2,2010,19,0.261538
1,2011,19,0.189239
2,2011,19,0.187138
1,2012,19,0.266521
2,2012,19,0.263416
1,2013,19,0.221565
2,2013,19,0.219059
1,2014,19,0.238978
2,2014,19,0.236269
1,2015,19,0.199464
2,2015,19,0.197251
1,2016,19,0.181643
2,2016,19,0.179656
1,2017,19,0.119776
2,2017,19,0.118649
1,2018,19,0.119906
2,2018,19,0.118738
1,2019,19,0.154049
2,2019,19,0.152512
1,2020,19,0.120649
2,2020,19,0.119445
1,2021,19,0.138437
2,2021,19,0.136927
1,2022,19,0.132669
2,2022,19,0.131413
1,2023,19,0.083265
2,2023,19,0.082274
1,1995,20,0.17992
2,1995,20,0.177714
1,1996,20,0.113227
2,1996,20,0.111977
1,1997,20,0.142842
2,1997,20,0.1413
1,1998,20,0.178656
2,1998,20,0.176675
1,1999,20,0.263467
2,1999,20,0.260473
1,2000,20,0.189539
2,2000,20,0.187323
1,2001,20,0.200036
2,2001,20,0.197738
1,2002,20,0.238701
2,2002,20,0.235868
1,2003,20,0.230146
2,2003,20,0.227416
1,2004,20,0.339787
2,2004,20,0.335749
1,2005,20,0.234178
2,2005,20,0.23145
1,2006,20,0.237479
2,2006,20,0.234635
1,2007,20,0.18409
2,2007,20,0.181914
1,2008,20,0.249745
2,2008,20,0.24677
1,2009,20,0.235674
2,2009,20,0.232817
1,2010,20,0.260144
2,2010,20,0.257046
1,2011,20,0.186322
2,2011,20,0.184245
1,2012,20,0.262084
2,2012,20,0.259012
1,2013,20,0.218064
2,2013,20,0.215586
1,2014,20,0.235174
2,2014,20,0.232494
1,2015,20,0.196425
2,2015,20,0.194237
1,2016,20,0.178928
2,2016,20,0.176965
1,2017,20,0.118437
2,2017,20,0.117327
1,2018,20,0.118419
2,2018,20,0.117266
1,2019,20,0.15208
2,2019,20,0.150563
1,2020,20,0.11909
2,2020,20,0.117902
1,2021,20,0.13636
2,2021,20,0.134867
1,2022,20,0.131092
2,2022,20,0.129853
1,2023,20,0.081815
2,2023,20,0.080835
1,1995,21,0.177301
2,1995,21,0.17515
1,1996,21,0.111818
2,1996,21,0.110601
1,1997,21,0.141174
2,1997,21,0.139674
1,1998,21,0.176379
2,1998,21,0.174449
1,1999,21,0.259926
2,1999,21,0.257006
1,2000,21,0.186933
2,2000,21,0.184772
1,2001,21,0.197316
2,2001,21,0.195075
1,2002,21,0.235367
2,2002,21,0.232603
1,2003,21,0.226917
2,2003,21,0.224254
1,2004,21,0.33501
2,2004,21,0.331072
1,2005,21,0.231005
2,2005,21,0.228346
1,2006,21,0.234137
2,2006,21,0.231364
1,2007,21,0.181548
2,2007,21,0.179427
1,2008,21,0.24624
2,2008,21,0.243339
1,2009,21,0.232305
2,2009,21,0.229519
1,2010,21,0.256534
2,2010,21,0.253513
1,2011,21,0.184009
2,2011,21,0.181985
1,2012,21,0.25855
2,2012,21,0.255556
1,2013,21,0.215284
2,2013,21,0.21287
1,2014,21,0.232151
2,2014,21,0.229541
1,2015,21,0.194017
2,2015,21,0.191888
1,2016,21,0.176779
2,2016,21,0.174868
1,2017,21,0.117401
2,2017,21,0.116324
1,2018,21,0.117255
2,2018,21,0.116135
1,2019,21,0.150537
2,2019,21,0.149063
1,2020,21,0.117867
2,2020,21,0.116711
1,2021,21,0.134714
2,2021,21,0.13326
1,2022,21,0.12986
2,2022,21,0.128656
1,2023,21,0.080657
2,2023,21,0.079701
1,1995,22,0.175193
2,1995,22,0.173115
1,1996,22,0.110693
2,1996,22,0.109518
1,1997,22,0.139849
2,1997,22,0.138403
1,1998,22,0.174555
2,1998,22,0.172691
1,1999,22,0.257079
2,1999,22,0.254258
1,2000,22,0.184838
2,2000,22,0.182751
1,2001,22,0.195128
2,2001,22,0.192963
1,2002,22,0.232686
2,2002,22,0.230017
1,2003,22,0.22432
2,2003,22,0.221747
1,2004,22,0.331168
2,2004,22,0.327363
1,2005,22,0.228459
2,2005,22,0.225891
1,2006,22,0.231451
2,2006,22,0.228772
1,2007,22,0.179507
2,2007,22,0.177458
1,2008,22,0.243423
2,2008,22,0.240621
1,2009,22,0.229597
2,2009,22,0.226905
1,2010,22,0.253637
2,2010,22,0.250719
1,2011,22,0.182163
2,2011,22,0.180211
1,2012,22,0.255718
2,2012,22,0.252828
1,2013,22,0.213063
2,2013,22,0.210735
1,2014,22,0.229736
2,2014,22,0.227217
1,2015,22,0.1921
2,2015,22,0.190046
1,2016,22,0.175069
2,2016,22,0.173227
1,2017,22,0.116596
2,2017,22,0.115561
1,2018,22,0.116339
2,2018,22,0.115261
1,2019,22,0.149322
2,2019,22,0.147903
1,2020,22,0.116901
2,2020,22,0.115789
1,2021,22,0.133402
2,2021,22,0.132
1,2022,22,0.128894
2,2022,22,0.127736
1,2023,22,0.079725
2,2023,22,0.078801
1,1995,23,0.173486
2,1995,23,0.171489
1,1996,23,0.109787
2,1996,23,0.10866
1,1997,23,0.138789
2,1997,23,0.137403
1,1998,23,0.173083
2,1998,23,0.171294
1,1999,23,0.254772
2,1999,23,0.252063
1,2000,23,0.183143
2,2000,23,0.181138
1,2001,23,0.193356
2,2001,23,0.191276
1,2002,23,0.230517
2,2002,23,0.227953
1,2003,23,0.222217
2,2003,23,0.219746
1,2004,23,0.328056
2,2004,23,0.324401
1,2005,23,0.226402
2,2005,23,0.223936
1,2006,23,0.229278
2,2006,23,0.226705
1,2007,23,0.177857
2,2007,23,0.175889
1,2008,23,0.241143
2,2008,23,0.238451
1,2009,23,0.227404
2,2009,23,0.224819
1,2010,23,0.251295
2,2010,23,0.248494
1,2011,23,0.18068
2,2011,23,0.178808
1,2012,23,0.253433
2,2012,23,0.250659
1,2013,23,0.211278
2,2013,23,0.209044
1,2014,23,0.227792
2,2014,23,0.225375
1,2015,23,0.190562
2,2015,23,0.188594
1,2016,23,0.173699
2,2016,23,0.171933
1,2017,23,0.115968
2,2017,23,0.11498
1,2018,23,0.115615
2,2018,23,0.114584
1,2019,23,0.148359
2,2019,23,0.147002
1,2020,23,0.116135
2,2020,23,0.115071
1,2021,23,0.13235
2,2021,23,0.131006
1,2022,23,0.128131
2,2022,23,0.127024
1,2023,23,0.078971
2,2023,23,0.078084
1,1995,24,0.172092
2,1995,24,0.170179
1,1996,24,0.109053
2,1996,24,0.107976
1,1997,24,0.137936
2,1997,24,0.136612
1,1998,24,0.171888
2,1998,24,0.170176
1,1999,24,0.252891
2,1999,24,0.250296
1,2000,24,0.181762
2,2000,24,0.179842
1,2001,24,0.191911
2,2001,24,0.189919
1,2002,24,0.228749
2,2002,24,0.226294
1,2003,24,0.220502
2,2003,24,0.218135
1,2004,24,0.325517
2,2004,24,0.322017
1,2005,24,0.224727
2,2005,24,0.222367
1,2006,24,0.227506
2,2006,24,0.225043
1,2007,24,0.176513
2,2007,24,0.174629
1,2008,24,0.239284
2,2008,24,0.236707
1,2009,24,0.225616
2,2009,24,0.223141
1,2010,24,0.249388
2,2010,24,0.246707
1,2011,24,0.179481
2,2011,24,0.177692
1,2012,24,0.251576
2,2012,24,0.248922
1,2013,24,0.209833
2,2013,24,0.207697
1,2014,24,0.226217
2,2014,24,0.223906
1,2015,24,0.189321
2,2015,24,0.18744
1,2016,24,0.172594
2,2016,24,0.170907
1,2017,24,0.115476
2,2017,24,0.114536
1,2018,24,0.115038
2,2018,24,0.114055
1,2019,24,0.147592
2,2019,24,0.146298
1,2020,24,0.115524
2,2020,24,0.114509
1,2021,24,0.131501
2,2021,24,0.130217
1,2022,24,0.127526
2,2022,24,0.126471
1,2023,24,0.078356
2,2023,24,0.077506
1,1995,25,0.169197
2,1995,25,0.167365
1,1996,25,0.10756
2,1996,25,0.106533
1,1997,25,0.136229
2,1997,25,0.134973
1,1998,25,0.169434
2,1998,25,0.167801
1,1999,25,0.24899
2,1999,25,0.246506
1,2000,25,0.178902
2,2000,25,0.177066
1,2001,25,0.188912
2,2001,25,0.187005
1,2002,25,0.225088
2,2002,25,0.22274
1,2003,25,0.216944
2,2003,25,0.214679
1,2004,25,0.320251
2,2004,25,0.316901
1,2005,25,0.221276
2,2005,25,0.219021
1,2006,25,0.223841
2,2006,25,0.221485
1,2007,25,0.173738
2,2007,25,0.171938
1,2008,25,0.235434
2,2008,25,0.232968
1,2009,25,0.221913
2,2009,25,0.219544
1,2010,25,0.245456
2,2010,25,0.242894
1,2011,25,0.177052
2,2011,25,0.17535
1,2012,25,0.247765
2,2012,25,0.245231
1,2013,25,0.206896
2,2013,25,0.204862
1,2014,25,0.22301
2,2014,25,0.220809
1,2015,25,0.18682
2,2015,25,0.185032
1,2016,25,0.170372
2,2016,25,0.168769
1,2017,25,0.114567
2,2017,25,0.113687
1,2018,25,0.113923
2,2018,25,0.112997
1,2019,25,0.146103
2,2019,25,0.144882
1,2020,25,0.114329
2,2020,25,0.11337
1,2021,25,0.129788
2,2021,25,0.128567
1,2022,25,0.126366
2,2022,25,0.125373
1,2023,25,0.07708
2,2023,25,0.076267
