sex,year,age,n
1,1995,0,78.6524
1,1996,0,77.7652
1,1997,0,81.0829
1,1998,0,79.7305
1,1999,0,74.5974
1,2000,0,62.9295
1,2001,0,57.5167
1,2002,0,52.2127
1,2003,0,46.7459
1,2004,0,44.2357
1,2005,0,37.2254
1,2006,0,35.7229
1,2007,0,33.4308
1,2008,0,33.2979
1,2009,0,29.3832
1,2010,0,26.5408
1,2011,0,23.1369
1,2012,0,22.5545
1,2013,0,19.9512
1,2014,0,19.3643
1,2015,0,18.7007
1,2016,0,18.7195
1,2017,0,18.7047
1,2018,0,20.3973
1,2019,0,21.8108
1,2020,0,21.7493
1,2021,0,22.4885
1,2022,0,22.4965
1,2023,0,22.5513
2,1995,0,78.6524
2,1996,0,77.7652
2,1997,0,81.0829
2,1998,0,79.7305
2,1999,0,74.5974
2,2000,0,62.9295
2,2001,0,57.5167
2,2002,0,52.2127
2,2003,0,46.7459
2,2004,0,44.2357
2,2005,0,37.2254
2,2006,0,35.7229
2,2007,0,33.4308
2,2008,0,33.2979
2,2009,0,29.3832
2,2010,0,26.5408
2,2011,0,23.1369
2,2012,0,22.5545
2,2013,0,19.9512
2,2014,0,19.3643
2,2015,0,18.7007
2,2016,0,18.7195
2,2017,0,18.7047
2,2018,0,20.3973
2,2019,0,21.8108
2,2020,0,21.7493
2,2021,0,22.4885
2,2022,0,22.4965
2,2023,0,22.5513
1,1995,1,79.2236
1,1996,1,67.949
1,1997,1,67.5555
1,1998,1,70.2856
1,1999,1,68.9108
1,2000,1,64.0405
1,2001,1,54.3331
1,2002,1,49.6204
1,2003,1,44.9045
1,2004,1,40.2293
1,2005,1,37.7418
1,2006,1,32.0298
1,2007,1,30.7249
1,2008,1,28.8761
1,2009,1,28.6119
1,2010,1,25.2744
1,2011,1,22.7881
1,2012,1,19.9867
1,2013,1,19.3646
1,2014,1,17.1914
1,2015,1,16.6632
1,2016,1,16.1426
1,2017,1,16.1812
1,2018,1,16.2501
1,2019,1,17.7181
1,2020,1,18.8978
1,2021,1,18.8905
1,2022,1,19.5023
1,2023,1,19.5244
2,1995,1,79.2243
2,1996,1,67.9497
2,1997,1,67.5559
2,1998,1,70.2861
2,1999,1,68.9115
2,2000,1,64.0415
2,2001,1,54.3337
2,2002,1,49.621
2,2003,1,44.9051
2,2004,1,40.2299
2,2005,1,37.7426
2,2006,1,32.0302
2,2007,1,30.7253
2,2008,1,28.8764
2,2009,1,28.6123
2,2010,1,25.2747
2,2011,1,22.7884
2,2012,1,19.9869
2,2013,1,19.3649
2,2014,1,17.1916
2,2015,1,16.6634
2,2016,1,16.1427
2,2017,1,16.1814
2,2018,1,16.2502
2,2019,1,17.7182
2,2020,1,18.898
2,2021,1,18.8906
2,2022,1,19.5024
2,2023,1,19.5246
1,1995,2,64.6612
1,1996,2,67.1194
1,1997,2,58.3058
1,1998,2,57.6897
1,1999,2,59.552
1,2000,2,57.4117
1,2001,2,54.1445
1,2002,2,45.8257
1,2003,2,41.5732
1,2004,2,37.6751
1,2005,2,33.0603
1,2006,2,31.6544
1,2007,2,26.8468
1,2008,2,26.0129
1,2009,2,24.1432
1,2010,2,23.9914
1,2011,2,21.1015
1,2012,2,19.2999
1,2013,2,16.6856
1,2014,2,16.3059
1,2015,2,14.4284
1,2016,2,14.0914
1,2017,2,13.6939
1,2018,2,13.8929
1,2019,2,13.9414
1,2020,2,15.1115
1,2021,2,16.2098
1,2022,2,16.1466
1,2023,2,16.6932
2,1995,2,64.6662
2,1996,2,67.1251
2,1997,2,58.3091
2,1998,2,57.6933
2,1999,2,59.5569
2,2000,2,57.4188
2,2001,2,54.1497
2,2002,2,45.8301
2,2003,2,41.5778
2,2004,2,37.6793
2,2005,2,33.0655
2,2006,2,31.6581
2,2007,2,26.8498
2,2008,2,26.0152
2,2009,2,24.146
2,2010,2,23.9941
2,2011,2,21.104
2,2012,2,19.3016
2,2013,2,16.6876
2,2014,2,16.3076
2,2015,2,14.4299
2,2016,2,14.0927
2,2017,2,13.695
2,2018,2,13.8937
2,2019,2,13.9422
2,2020,2,15.1125
2,2021,2,16.2106
2,2022,2,16.1475
2,2023,2,16.6942
1,1995,3,52.1387
1,1996,3,52.8679
1,1997,3,56.338
1,1998,3,48.4693
1,1999,3,47.1762
1,2000,3,47.0317
1,2001,3,46.7406
1,2002,3,43.8563
1,2003,3,36.6197
1,2004,3,33.3158
1,2005,3,28.9333
1,2006,3,26.4778
1,2007,3,25.3186
1,2008,3,21.9206
1,2009,3,20.6992
1,2010,3,19.3265
1,2011,3,19.037
1,2012,3,17.2457
1,2013,3,15.3135
1,2014,3,13.4764
1,2015,3,13.0808
1,2016,3,11.7571
1,2017,3,11.556
1,2018,3,11.5135
1,2019,3,11.66
1,2020,3,11.5613
1,2021,3,12.6772
1,2022,3,13.4993
1,2023,3,13.4882
2,1995,3,52.1507
2,1996,3,52.8822
2,1997,3,56.349
2,1998,3,48.4788
2,1999,3,47.1874
2,2000,3,47.0478
2,2001,3,46.7555
2,2002,3,43.8693
2,2003,3,36.6323
2,2004,3,33.3275
2,2005,3,28.9467
2,2006,3,26.4883
2,2007,3,25.3279
2,2008,3,21.9273
2,2009,3,20.7065
2,2010,3,19.3336
2,2011,3,19.0443
2,2012,3,17.251
2,2013,3,15.319
2,2014,3,13.4809
2,2015,3,13.0852
2,2016,3,11.7606
2,2017,3,11.5591
2,2018,3,11.5156
2,2019,3,11.6619
2,2020,3,11.5635
2,2021,3,12.6794
2,2022,3,13.5018
2,2023,3,13.4905
1,1995,4,40.9459
1,1996,4,40.5707
1,1997,4,43.0732
1,1998,4,45.1448
1,1999,4,37.7972
1,2000,4,34.6911
1,2001,4,36.3701
1,2002,4,35.8577
1,2003,4,32.8412
1,2004,4,27.5598
1,2005,4,23.3185
1,2006,4,21.7546
1,2007,4,19.8515
1,2008,4,19.6671
1,2009,4,16.2952
1,2010,4,15.5353
1,2011,4,14.2921
1,2012,4,14.8175
1,2013,4,12.7543
1,2014,4,11.6773
1,2015,4,10.1591
1,2016,4,10.1277
1,2017,4,9.2049
1,2018,4,9.44574
1,2019,4,9.3849
1,2020,4,9.31163
1,2021,4,9.41529
1,2022,4,10.1897
1,2023,4,10.9212
2,1995,4,40.9627
2,1996,4,40.5903
2,1997,4,43.0908
2,1998,4,45.1616
2,1999,4,37.8125
2,2000,4,34.7101
2,2001,4,36.3914
2,2002,4,35.8778
2,2003,4,32.8613
2,2004,4,27.5776
2,2005,4,23.3371
2,2006,4,21.7713
2,2007,4,19.8658
2,2008,4,19.6792
2,2009,4,16.3056
2,2010,4,15.5459
2,2011,4,14.3024
2,2012,4,14.8267
2,2013,4,12.7627
2,2014,4,11.6848
2,2015,4,10.1657
2,2016,4,10.1337
2,2017,4,9.20977
2,2018,4,9.44948
2,2019,4,9.38783
2,2020,4,9.3147
2,2021,4,9.41832
2,2022,4,10.1932
2,2023,4,10.9247
1,1995,5,31.006
1,1996,5,30.1575
1,1997,5,31.999
1,1998,5,33.1516
1,1999,5,33.4408
1,2000,5,25.7339
1,2001,5,25.3585
1,2002,5,26.3073
1,2003,5,24.9984
1,2004,5,23.0692
1,2005,5,17.4209
1,2006,5,16.3583
1,2007,5,15.1849
1,2008,5,14.5954
1,2009,5,13.564
1,2010,5,11.3863
1,2011,5,10.6261
1,2012,5,10.5431
1,2013,5,10.1381
1,2014,5,9.12747
1,2015,5,8.21914
1,2016,5,7.43371
1,2017,5,7.535
1,2018,5,7.29622
1,2019,5,7.46083
1,2020,5,7.19393
1,2021,5,7.34354
1,2022,5,7.27956
1,2023,5,7.96579
2,1995,5,31.0199
2,1996,5,30.1724
2,1997,5,32.0156
2,1998,5,33.1669
2,1999,5,33.455
2,2000,5,25.7461
2,2001,5,25.3742
2,2002,5,26.3242
2,2003,5,25.0148
2,2004,5,23.0854
2,2005,5,17.4345
2,2006,5,16.3729
2,2007,5,15.1981
2,2008,5,14.607
2,2009,5,13.5737
2,2010,5,11.3948
2,2011,5,10.6346
2,2012,5,10.5515
2,2013,5,10.1456
2,2014,5,9.13433
2,2015,5,8.22527
2,2016,5,7.43914
2,2017,5,7.54002
2,2018,5,7.30037
2,2019,5,7.46403
2,2020,5,7.19652
2,2021,5,7.34621
2,2022,5,7.28227
2,2023,5,7.96874
1,1995,6,23.0712
1,1996,6,21.7186
1,1997,6,23.0966
1,1998,6,23.7402
1,1999,6,23.4437
1,2000,6,21.2425
1,2001,6,17.8747
1,2002,6,17.394
1,2003,6,17.1852
1,2004,6,16.4939
1,2005,6,13.2928
1,2006,6,11.4745
1,2007,6,10.6978
1,2008,6,10.6192
1,2009,6,9.40226
1,2010,6,8.87904
1,2011,6,7.25285
1,2012,6,7.46495
1,2013,6,6.7191
1,2014,6,6.84671
1,2015,6,6.03475
1,2016,6,5.71188
1,2017,6,5.27948
1,2018,6,5.80768
1,2019,6,5.60125
1,2020,6,5.5103
1,2021,6,5.51084
1,2022,6,5.48067
1,2023,6,5.51758
2,1995,6,23.0742
2,1996,6,21.7203
2,1997,6,23.103
2,1998,6,23.7462
2,1999,6,23.4462
2,2000,6,21.24
2,2001,6,17.8763
2,2002,6,17.3975
2,2003,6,17.188
2,2004,6,16.4969
2,2005,6,13.2929
2,2006,6,11.478
2,2007,6,10.7022
2,2008,6,10.6245
2,2009,6,9.40495
2,2010,6,8.88113
2,2011,6,7.25447
2,2012,6,7.46823
2,2013,6,6.72096
2,2014,6,6.84888
2,2015,6,6.03654
2,2016,6,5.71402
2,2017,6,5.28156
2,2018,6,5.81042
2,2019,6,5.60327
2,2020,6,5.51118
2,2021,6,5.51165
2,2022,6,5.48125
2,2023,6,5.51837
1,1995,7,16.2071
1,1996,7,15.5547
1,1997,7,16.2654
1,1998,7,16.6608
1,1999,7,16.2075
1,2000,7,14.1308
1,2001,7,14.1938
1,2002,7,11.7775
1,2003,7,10.8143
1,2004,7,10.8118
1,2005,7,8.85851
1,2006,7,8.34553
1,2007,7,7.14074
1,2008,7,7.20154
1,2009,7,6.49492
1,2010,7,5.85631
1,2011,7,5.35701
1,2012,7,4.90858
1,2013,7,4.50657
1,2014,7,4.34118
1,2015,7,4.31563
1,2016,7,4.03159
1,2017,7,3.91497
1,2018,7,3.98236
1,2019,7,4.36244
1,2020,7,4.02068
1,2021,7,4.12825
1,2022,7,4.00342
1,2023,7,4.05708
2,1995,7,16.1956
2,1996,7,15.5407
2,1997,7,16.257
2,1998,7,16.6532
2,1999,7,16.1962
2,2000,7,14.1121
2,2001,7,14.1773
2,2002,7,11.7657
2,2003,7,10.8021
2,2004,7,10.7997
2,2005,7,8.84332
2,2006,7,8.33485
2,2007,7,7.13343
2,2008,7,7.1971
2,2009,7,6.48908
2,2010,7,5.85017
2,2011,7,5.35049
2,2012,7,4.90484
2,2013,7,4.50204
2,2014,7,4.3373
2,2015,7,4.31155
2,2016,7,4.02862
2,2017,7,3.91279
2,2018,7,3.98178
2,2019,7,4.36205
2,2020,7,4.01919
2,2021,7,4.12655
2,2022,7,4.00117
2,2023,7,4.05505
1,1995,8,11.1752
1,1996,8,10.6779
1,1997,8,11.4916
1,1998,8,11.5326
1,1999,8,11.1343
1,2000,8,9.46524
1,2001,8,9.22349
1,2002,8,9.12839
1,2003,8,7.10686
1,2004,8,6.61113
1,2005,8,5.56563
1,2006,8,5.40246
1,2007,8,5.04017
1,2008,8,4.69746
1,2009,8,4.26875
1,2010,8,3.92579
1,2011,8,3.41908
1,2012,8,3.54387
1,2013,8,2.86746
1,2014,8,2.83411
1,2015,8,2.65786
1,2016,8,2.81433
1,2017,8,2.7038
1,2018,8,2.91343
1,2019,8,2.95126
1,2020,8,3.07669
1,2021,8,2.97114
1,2022,8,2.94997
1,2023,8,2.92041
2,1995,8,11.1509
2,1996,8,10.651
2,1997,8,11.4692
2,1998,8,11.5118
2,1999,8,11.1108
2,2000,8,9.43515
2,2001,8,9.19439
2,2002,8,9.10036
2,2003,8,7.08309
2,2004,8,6.58877
2,2005,8,5.54079
2,2006,8,5.38099
2,2007,8,5.02189
2,2008,8,4.68419
2,2009,8,4.25563
2,2010,8,3.91301
2,2011,8,3.40674
2,2012,8,3.53341
2,2013,8,2.85798
2,2014,8,2.82542
2,2015,8,2.64957
2,2016,8,2.80653
2,2017,8,2.69737
2,2018,8,2.90904
2,2019,8,2.94793
2,2020,8,3.07246
2,2021,8,2.96705
2,2022,8,2.94506
2,2023,8,2.91568
1,1995,9,7.65595
1,1996,9,7.30478
1,1997,9,7.85016
1,1998,9,8.09596
1,1999,9,7.64922
1,2000,9,6.43202
1,2001,9,6.12831
1,2002,9,5.88257
1,2003,9,5.45173
1,2004,9,4.30194
1,2005,9,3.3539
1,2006,9,3.35998
1,2007,9,3.22906
1,2008,9,3.28912
1,2009,9,2.75447
1,2010,9,2.55362
1,2011,9,2.26586
1,2012,9,2.24325
1,2013,9,2.04635
1,2014,9,1.78584
1,2015,9,1.71714
1,2016,9,1.71801
1,2017,9,1.8724
1,2018,9,2.00113
1,2019,9,2.14782
1,2020,9,2.06729
1,2021,9,2.26162
1,2022,9,2.11036
1,2023,9,2.13962
2,1995,9,7.62395
2,1996,9,7.27059
2,1997,9,7.81903
2,1998,9,8.06576
2,1999,9,7.61798
2,2000,9,6.39645
2,2001,9,6.09334
2,2002,9,5.84859
2,2003,9,5.4174
2,2004,9,4.27419
2,2005,9,3.32716
2,2006,9,3.33454
2,2007,9,3.20579
2,2008,9,3.26903
2,2009,9,2.73736
2,2010,9,2.53747
2,2011,9,2.25049
2,2012,9,2.22979
2,2013,9,2.03313
2,2014,9,1.77486
2,2015,9,1.7066
2,2016,9,1.70832
2,2017,9,1.86297
2,2018,9,1.99373
2,2019,9,2.14167
2,2020,9,2.06129
2,2021,9,2.25536
2,2022,9,2.10381
2,2023,9,2.13294
1,1995,10,5.263
1,1996,10,5.02671
1,1997,10,5.38217
1,1998,10,5.54413
1,1999,10,5.38951
1,2000,10,4.44506
1,2001,10,4.1826
1,2002,10,3.9264
1,2003,10,3.53289
1,2004,10,3.31804
1,2005,10,2.20005
1,2006,10,2.03535
1,2007,10,2.01952
1,2008,10,2.11612
1,2009,10,1.94002
1,2010,10,1.65712
1,2011,10,1.4827
1,2012,10,1.49194
1,2013,10,1.30278
1,2014,10,1.28001
1,2015,10,1.08718
1,2016,10,1.114
1,2017,10,1.14671
1,2018,10,1.38734
1,2019,10,1.47746
1,2020,10,1.50755
1,2021,10,1.52212
1,2022,10,1.61041
1,2023,10,1.53298
2,1995,10,5.22938
2,1996,10,4.99182
2,1997,10,5.34846
2,1998,10,5.51124
2,1999,10,5.35592
2,2000,10,4.4102
2,2001,10,4.14784
2,2002,10,3.89269
2,2003,10,3.49995
2,2004,10,3.28581
2,2005,10,2.17476
2,2006,10,2.01217
2,2007,10,1.99705
2,2008,10,2.0951
2,2009,10,1.92095
2,2010,10,1.6409
2,2011,10,1.46757
2,2012,10,1.4779
2,2013,10,1.28994
2,2014,10,1.26774
2,2015,10,1.07682
2,2016,10,1.10408
2,2017,10,1.13738
2,2018,10,1.37834
2,2019,10,1.4698
2,2020,10,1.50028
2,2021,10,1.51537
2,2022,10,1.6029
2,2023,10,1.52576
1,1995,11,3.6533
1,1996,11,3.49831
1,1997,11,3.72871
1,1998,11,3.83205
1,1999,11,3.73083
1,2000,11,3.1844
1,2001,11,2.9262
1,2002,11,2.71422
1,2003,11,2.39539
1,2004,11,2.18307
1,2005,11,1.73539
1,2006,11,1.35531
1,2007,11,1.24277
1,2008,11,1.33944
1,2009,11,1.26891
1,2010,11,1.18579
1,2011,11,0.978727
1,2012,11,0.987191
1,2013,11,0.881121
1,2014,11,0.825835
1,2015,11,0.79059
1,2016,11,0.713557
1,2017,11,0.751322
1,2018,11,0.854192
1,2019,11,1.03026
1,2020,11,1.04502
1,2021,11,1.11673
1,2022,11,1.09248
1,2023,11,1.17707
2,1995,11,3.62286
2,1996,11,3.46745
2,1997,11,3.69763
2,1998,11,3.80141
2,1999,11,3.70048
2,2000,11,3.15402
2,2001,11,2.89609
2,2002,11,2.68479
2,2003,11,2.36734
2,2004,11,2.15615
2,2005,11,1.71083
2,2006,11,1.33565
2,2007,11,1.22473
2,2008,11,1.32133
2,2009,11,1.25215
2,2010,11,1.1704
2,2011,11,0.965806
2,2012,11,0.974831
2,2013,11,0.869833
2,2014,11,0.815418
2,2015,11,0.780657
2,2016,11,0.705014
2,2017,11,0.742976
2,2018,11,0.846152
2,2019,11,1.02222
2,2020,11,1.0378
2,2021,11,1.10984
2,2022,11,1.08581
2,2023,11,1.1699
1,1995,12,2.56777
1,1996,12,2.46689
1,1997,12,2.61776
1,1998,12,2.68315
1,1999,12,2.61497
1,2000,12,2.25191
1,2001,12,2.12961
1,2002,12,1.93027
1,2003,12,1.6896
1,2004,12,1.50927
1,2005,12,1.17513
1,2006,12,1.08992
1,2007,12,0.844444
1,2008,12,0.837084
1,2009,12,0.820368
1,2010,12,0.791529
1,2011,12,0.715901
1,2012,12,0.661139
1,2013,12,0.59579
1,2014,12,0.568294
1,2015,12,0.519727
1,2016,12,0.526826
1,2017,12,0.487827
1,2018,12,0.563742
1,2019,12,0.639265
1,2020,12,0.736188
1,2021,12,0.780353
1,2022,12,0.809863
1,2023,12,0.805142
2,1995,12,2.54296
2,1996,12,2.44223
2,1997,12,2.59217
2,1998,12,2.6576
2,1999,12,2.59012
2,2000,12,2.22849
2,2001,12,2.10573
2,2002,12,1.90707
2,2003,12,1.66766
2,2004,12,1.48849
2,2005,12,1.15708
2,2006,12,1.07225
2,2007,12,0.830393
2,2008,12,0.823562
2,2009,12,0.80744
2,2010,12,0.779375
2,2011,12,0.704941
2,2012,12,0.651365
2,2013,12,0.586948
2,2014,12,0.559943
2,2015,12,0.512114
2,2016,12,0.519327
2,2017,12,0.481255
2,2018,12,0.556986
2,2019,12,0.632674
2,2020,12,0.729575
2,2021,12,0.774238
2,2022,12,0.803937
2,2023,12,0.799437
1,1995,13,1.82791
1,1996,13,1.76194
1,1997,13,1.86253
1,1998,13,1.90434
1,1999,13,1.85726
1,2000,13,1.61309
1,2001,13,1.53039
1,2002,13,1.42846
1,2003,13,1.22655
1,2004,13,1.0859
1,2005,13,0.836625
1,2006,13,0.752738
1,2007,13,0.693237
1,2008,13,0.577815
1,2009,13,0.523877
1,2010,13,0.522462
1,2011,13,0.488701
1,2012,13,0.490811
1,2013,13,0.407936
1,2014,13,0.391128
1,2015,13,0.364572
1,2016,13,0.351752
1,2017,13,0.365214
1,2018,13,0.368791
1,2019,13,0.425273
1,2020,13,0.461623
1,2021,13,0.554301
1,2022,13,0.571954
1,2023,13,0.601968
2,1995,13,1.80921
2,1996,13,1.74366
2,1997,13,1.84315
2,1998,13,1.88475
2,1999,13,1.83837
2,2000,13,1.59618
2,2001,13,1.51338
2,2002,13,1.41137
2,2003,13,1.21067
2,2004,13,1.07084
2,2005,13,0.824017
2,2006,13,0.740506
2,2007,13,0.681365
2,2008,13,0.567794
2,2009,13,0.514911
2,2010,13,0.513747
2,2011,13,0.480707
2,2012,13,0.482963
2,2013,13,0.401498
2,2014,13,0.385005
2,2015,13,0.358895
2,2016,13,0.346346
2,2017,13,0.359779
2,2018,13,0.363682
2,2019,13,0.420011
2,2020,13,0.456627
2,2021,13,0.5491
2,2022,13,0.567188
2,2023,13,0.597308
1,1995,14,1.31639
1,1996,14,1.27272
1,1997,14,1.34115
1,1998,14,1.36843
1,1999,14,1.33539
1,2000,14,1.16858
1,2001,14,1.1124
1,2002,14,1.04225
1,2003,14,0.924816
1,2004,14,0.802657
1,2005,14,0.618228
1,2006,14,0.545605
1,2007,14,0.487844
1,2008,14,0.481196
1,2009,14,0.36879
1,2010,14,0.339994
1,2011,14,0.329219
1,2012,14,0.339591
1,2013,14,0.308997
1,2014,14,0.272152
1,2015,14,0.255332
1,2016,14,0.250255
1,2017,14,0.246954
1,2018,14,0.27799
1,2019,14,0.280233
1,2020,14,0.310048
1,2021,14,0.350197
1,2022,14,0.410211
1,2023,14,0.428444
2,1995,14,1.30312
2,1996,14,1.25994
2,1997,14,1.32738
2,1998,14,1.35437
2,1999,14,1.32188
2,2000,14,1.157
2,2001,14,1.10096
2,2002,14,1.03086
2,2003,14,0.913981
2,2004,14,0.792458
2,2005,14,0.609872
2,2006,14,0.53751
2,2007,14,0.480036
2,2008,14,0.473044
2,2009,14,0.362488
2,2010,14,0.334258
2,2011,14,0.323815
2,2012,14,0.334096
2,2013,14,0.304137
2,2014,14,0.267914
2,2015,14,0.251394
2,2016,14,0.246404
2,2017,14,0.243199
2,2018,14,0.273878
2,2019,14,0.276377
2,2020,14,0.306251
2,2021,14,0.346441
2,2022,14,0.406414
2,2023,14,0.424918
1,1995,15,0.957423
1,1996,15,0.92805
1,1997,15,0.975502
1,1998,15,0.993707
1,1999,15,0.97026
1,2000,15,0.854526
1,2001,15,0.81598
1,2002,15,0.767465
1,2003,15,0.685622
1,2004,15,0.614595
1,2005,15,0.467498
1,2006,15,0.40939
1,2007,15,0.359306
1,2008,15,0.342788
1,2009,15,0.312311
1,2010,15,0.243226
1,2011,15,0.217996
1,2012,15,0.231409
1,2013,15,0.217494
1,2014,15,0.208993
1,2015,15,0.180324
1,2016,15,0.17739
1,2017,15,0.177599
1,2018,15,0.189065
1,2019,15,0.212541
1,2020,15,0.205972
1,2021,15,0.236717
1,2022,15,0.261301
1,2023,15,0.309316
2,1995,15,0.948484
2,1996,15,0.919563
2,1997,15,0.966226
2,1998,15,0.984156
2,1999,15,0.961107
2,2000,15,0.846967
2,2001,15,0.808659
2,2002,15,0.760319
2,2003,15,0.67896
2,2004,15,0.608106
2,2005,15,0.462359
2,2006,15,0.404331
2,2007,15,0.354408
2,2008,15,0.337617
2,2009,15,0.307413
2,2010,15,0.239364
2,2011,15,0.214605
2,2012,15,0.227814
2,2013,15,0.214257
2,2014,15,0.205926
2,2015,15,0.177721
2,2016,15,0.174819
2,2017,15,0.175014
2,2018,15,0.18628
2,2019,15,0.209502
2,2020,15,0.203272
2,2021,15,0.233938
2,2022,15,0.258665
2,2023,15,0.306617
1,1995,16,0.702015
1,1996,16,0.681924
1,1997,16,0.715375
1,1998,16,0.727783
1,1999,16,0.71099
1,2000,16,0.629548
1,2001,16,0.60283
1,2002,16,0.568987
1,2003,16,0.51152
1,2004,16,0.461437
1,2005,16,0.364725
1,2006,16,0.313488
1,2007,16,0.273169
1,2008,16,0.255015
1,2009,16,0.225563
1,2010,16,0.208718
1,2011,16,0.158192
1,2012,16,0.154677
1,2013,16,0.150308
1,2014,16,0.148766
1,2015,16,0.140173
1,2016,16,0.126519
1,2017,16,0.127004
1,2018,16,0.136608
1,2019,16,0.14528
1,2020,16,0.157257
1,2021,16,0.158079
1,2022,16,0.177819
1,2023,16,0.198092
2,1995,16,0.696292
2,1996,16,0.676571
2,1997,16,0.709438
2,1998,16,0.721625
2,1999,16,0.705109
2,2000,16,0.624881
2,2001,16,0.598399
2,2002,16,0.564764
2,2003,16,0.507737
2,2004,16,0.457803
2,2005,16,0.361867
2,2006,16,0.310619
2,2007,16,0.270316
2,2008,16,0.251911
2,2009,16,0.222611
2,2010,16,0.205845
2,2011,16,0.156009
2,2012,16,0.152487
2,2013,16,0.148283
2,2014,16,0.146801
2,2015,16,0.138369
2,2016,16,0.124879
2,2017,16,0.125331
2,2018,16,0.134724
2,2019,16,0.143254
2,2020,16,0.15517
2,2021,16,0.156133
2,2022,16,0.175911
2,2023,16,0.196261
1,1995,17,0.51811
1,1996,17,0.504144
1,1997,17,0.52805
1,1998,17,0.536661
1,1999,17,0.524529
1,2000,17,0.466497
1,2001,17,0.447791
1,2002,17,0.423972
1,2003,17,0.383249
1,2004,17,0.347783
1,2005,17,0.277987
1,2006,17,0.24705
1,2007,17,0.211399
1,2008,17,0.195448
1,2009,17,0.169672
1,2010,17,0.152355
1,2011,17,0.137314
1,2012,17,0.113091
1,2013,17,0.101609
1,2014,17,0.103741
1,2015,17,0.100757
1,2016,17,0.0991256
1,2017,17,0.091223
1,2018,17,0.0980547
1,2019,17,0.105392
1,2020,17,0.108059
1,2021,17,0.121193
1,2022,17,0.119388
1,2023,17,0.135381
2,1995,17,0.514652
2,1996,17,0.50097
2,1997,17,0.524463
2,1998,17,0.532909
2,1999,17,0.520967
2,2000,17,0.463815
2,2001,17,0.445308
2,2002,17,0.421678
2,2003,17,0.381321
2,2004,17,0.346012
2,2005,17,0.276744
2,2006,17,0.245684
2,2007,17,0.20997
2,2008,17,0.193765
2,2009,17,0.168031
2,2010,17,0.150726
2,2011,17,0.13578
2,2012,17,0.111728
2,2013,17,0.100432
2,2014,17,0.10256
2,2015,17,0.0996533
2,2016,17,0.0980325
2,2017,17,0.0901918
2,2018,17,0.0968559
2,2019,17,0.104041
2,2020,17,0.106691
2,2021,17,0.119707
2,2022,17,0.118069
2,2023,17,0.134071
1,1995,18,0.38437
1,1996,18,0.374521
1,1997,18,0.391796
1,1998,18,0.397861
1,1999,18,0.389025
1,2000,18,0.347224
1,2001,18,0.333994
1,2002,18,0.317086
1,2003,18,0.287974
1,2004,18,0.262689
1,2005,18,0.212041
1,2006,18,0.189812
1,2007,18,0.168002
1,2008,18,0.152225
1,2009,18,0.13119
1,2010,18,0.115578
1,2011,18,0.10115
1,2012,18,0.0987518
1,2013,18,0.0749603
1,2014,18,0.0706318
1,2015,18,0.0708082
1,2016,18,0.0716977
1,2017,18,0.0718716
1,2018,18,0.0706344
1,2019,18,0.0758859
1,2020,18,0.078716
1,2021,18,0.0835506
1,2022,18,0.0919209
1,2023,18,0.0911991
2,1995,18,0.382441
2,1996,18,0.3728
2,1997,18,0.389793
2,1998,18,0.39574
2,1999,18,0.387033
2,2000,18,0.345846
2,2001,18,0.332772
2,2002,18,0.316016
2,2003,18,0.287186
2,2004,18,0.262045
2,2005,18,0.21177
2,2006,18,0.189453
2,2007,18,0.167524
2,2008,18,0.151508
2,2009,18,0.130427
2,2010,18,0.11477
2,2011,18,0.100363
2,2012,18,0.0978422
2,2013,18,0.0742731
2,2014,18,0.0699785
2,2015,18,0.0701806
2,2016,18,0.0710599
2,2017,18,0.071212
2,2018,18,0.0699104
2,2019,18,0.0750408
2,2020,18,0.0778197
2,2021,18,0.0825863
2,2022,18,0.0909225
2,2023,18,0.0902987
1,1995,19,0.286326
1,1996,19,0.279292
1,1997,19,0.291888
1,1998,19,0.296211
1,1999,19,0.289729
1,2000,19,0.259341
1,2001,19,0.249891
1,2002,19,0.237786
1,2003,19,0.216808
1,2004,19,0.198655
1,2005,19,0.161686
1,2006,19,0.145704
1,2007,19,0.12994
1,2008,19,0.12159
1,2009,19,0.102891
1,2010,19,0.0899643
1,2011,19,0.077288
1,2012,19,0.0730861
1,2013,19,0.065921
1,2014,19,0.0524011
1,2015,19,0.0485045
1,2016,19,0.0506339
1,2017,19,0.0522133
1,2018,19,0.0557757
1,2019,19,0.0547989
1,2020,19,0.056862
1,2021,19,0.0610181
1,2022,19,0.063583
1,2023,19,0.0704005
2,1995,19,0.285388
2,1996,19,0.278502
2,1997,19,0.29091
2,1998,19,0.295151
2,1999,19,0.288755
2,2000,19,0.258783
2,2001,19,0.24945
2,2002,19,0.237459
2,2003,19,0.216687
2,2004,19,0.198651
2,2005,19,0.16194
2,2006,19,0.145914
2,2007,19,0.130062
2,2008,19,0.121507
2,2009,19,0.102711
2,2010,19,0.0896964
2,2011,19,0.0769857
2,2012,19,0.0726683
2,2013,19,0.0655143
2,2014,19,0.0520494
2,2015,19,0.0481847
2,2016,19,0.050295
2,2017,19,0.0518505
2,2018,19,0.0553255
2,2019,19,0.0543
2,2020,19,0.0563143
2,2021,19,0.0603952
2,2022,19,0.062943
2,2023,19,0.0697225
1,1995,20,0.213986
1,1996,20,0.20891
1,1997,20,0.218159
1,1998,20,0.22127
1,1999,20,0.216485
1,2000,20,0.194225
1,2001,20,0.187411
1,2002,20,0.178672
1,2003,20,0.163442
1,2004,20,0.150324
1,2005,20,0.123195
1,2006,20,0.111661
1,2007,20,0.100271
1,2008,20,0.0944208
1,2009,20,0.0826398
1,2010,20,0.0709338
1,2011,20,0.060504
1,2012,20,0.0560512
1,2013,20,0.049062
1,2014,20,0.0462868
1,2015,20,0.0361586
1,2016,20,0.0348188
1,2017,20,0.037001
1,2018,20,0.0405902
1,2019,20,0.0433539
1,2020,20,0.041165
1,2021,20,0.0441655
1,2022,20,0.046558
1,2023,20,0.0487957
2,1995,20,0.213663
2,1996,20,0.20869
2,1997,20,0.217817
2,1998,20,0.220873
2,1999,20,0.216143
2,2000,20,0.194158
2,2001,20,0.187428
2,2002,20,0.178771
2,2003,20,0.163686
2,2004,20,0.150655
2,2005,20,0.123697
2,2006,20,0.112145
2,2007,20,0.100705
2,2008,20,0.0947178
2,2009,20,0.0828321
2,2010,20,0.0710143
2,2011,20,0.060513
2,2012,20,0.0559494
2,2013,20,0.0489332
2,2014,20,0.0461167
2,2015,20,0.0360134
2,2016,20,0.0346659
2,2017,20,0.0368264
2,2018,20,0.0403536
2,2019,20,0.0430543
2,2020,20,0.0408529
2,2021,20,0.0437928
2,2022,20,0.0461524
2,2023,20,0.0483654
1,1995,21,0.160336
1,1996,21,0.156641
1,1997,21,0.163472
1,1998,21,0.165728
1,1999,21,0.162178
1,2000,21,0.145769
1,2001,21,0.140814
1,2002,21,0.134456
1,2003,21,0.123324
1,2004,21,0.113782
1,2005,21,0.0937816
1,2006,21,0.0854182
1,2007,21,0.0771655
1,2008,21,0.0730947
1,2009,21,0.064456
1,2010,21,0.0572131
1,2011,21,0.0479217
1,2012,21,0.0440072
1,2013,21,0.0377939
1,2014,21,0.03457
1,2015,21,0.0320613
1,2016,21,0.0260354
1,2017,21,0.0255132
1,2018,21,0.0288028
1,2019,21,0.0315974
1,2020,21,0.0326317
1,2021,21,0.0320233
1,2022,21,0.0337692
1,2023,21,0.0357866
2,1995,21,0.160376
2,1996,21,0.15675
2,1997,21,0.163504
2,1998,21,0.165724
2,1999,21,0.162208
2,2000,21,0.145975
2,2001,21,0.141078
2,2002,21,0.134777
2,2003,21,0.123743
2,2004,21,0.114263
2,2005,21,0.0943685
2,2006,21,0.086
2,2007,21,0.0777208
2,2008,21,0.0735706
2,2009,21,0.0648514
2,2010,21,0.0575103
2,2011,21,0.048125
2,2012,21,0.0441053
2,2013,21,0.0378413
2,2014,21,0.0345648
2,2015,21,0.0320292
2,2016,21,0.0259876
2,2017,21,0.0254511
2,2018,21,0.0286988
2,2019,21,0.0314494
2,2020,21,0.0324554
2,2021,21,0.0318183
2,2022,21,0.0335343
2,2023,21,0.0355188
1,1995,22,0.120386
1,1996,22,0.117677
1,1997,22,0.122745
1,1998,22,0.124392
1,1999,22,0.121746
1,2000,22,0.109589
1,2001,22,0.105959
1,2002,22,0.101301
1,2003,22,0.093115
1,2004,22,0.0861307
1,2005,22,0.0713243
1,2006,22,0.0652306
1,2007,22,0.0592277
1,2008,22,0.0563945
1,2009,22,0.050073
1,2010,22,0.0447747
1,2011,22,0.038792
1,2012,22,0.0349363
1,2013,22,0.029778
1,2014,22,0.0267044
1,2015,22,0.0240179
1,2016,22,0.0231408
1,2017,22,0.0191183
1,2018,22,0.019881
1,2019,22,0.0224476
1,2020,22,0.0238195
1,2021,22,0.0254161
1,2022,22,0.0245256
1,2023,22,0.0259885
2,1995,22,0.120622
2,1996,22,0.117959
2,1997,22,0.12298
2,1998,22,0.124603
2,1999,22,0.121978
2,2000,22,0.109929
2,2001,22,0.106339
2,2002,22,0.101718
2,2003,22,0.0935956
2,2004,22,0.0866534
2,2005,22,0.0719084
2,2006,22,0.0658137
2,2007,22,0.0597967
2,2008,22,0.0569209
2,2009,22,0.0505454
2,2010,22,0.0451751
2,2011,22,0.0391115
2,2012,22,0.0351556
2,2013,22,0.0299338
2,2014,22,0.0268026
2,2015,22,0.0240771
2,2016,22,0.0231669
2,2017,22,0.0191197
2,2018,22,0.0198539
2,2019,22,0.0223916
2,2020,22,0.0237429
2,2021,22,0.025308
2,2022,22,0.024404
2,2023,22,0.0258388
1,1995,23,0.0905397
1,1996,23,0.0885418
1,1997,23,0.0923156
1,1998,23,0.0935244
1,1999,23,0.0915463
1,2000,23,0.0825021
1,2001,23,0.079827
1,2002,23,0.0763931
1,2003,23,0.0703422
1,2004,23,0.0652014
1,2005,23,0.0541991
1,2006,23,0.0497367
1,2007,23,0.0453515
1,2008,23,0.0433735
1,2009,23,0.0387416
1,2010,23,0.0348778
1,2011,23,0.0304465
1,2012,23,0.0283327
1,2013,23,0.0237071
1,2014,23,0.0210873
1,2015,23,0.0185981
1,2016,23,0.0173687
1,2017,23,0.0170218
1,2018,23,0.0149097
1,2019,23,0.0155085
1,2020,23,0.0169426
1,2021,23,0.0185704
1,2022,23,0.0194909
1,2023,23,0.0188929
2,1995,23,0.0908673
2,1996,23,0.0888999
2,1997,23,0.0926459
2,1998,23,0.0938392
2,1999,23,0.0918728
2,2000,23,0.0828927
2,2001,23,0.0802424
2,2002,23,0.0768327
2,2003,23,0.0708208
2,2004,23,0.0657068
2,2005,23,0.0547359
2,2006,23,0.050273
2,2007,23,0.0458797
2,2008,23,0.04388
2,2009,23,0.039213
2,2010,23,0.0353018
2,2011,23,0.0308085
2,2012,23,0.0286219
2,2013,23,0.0239249
2,2014,23,0.0212471
2,2015,23,0.0187135
2,2016,23,0.0174472
2,2017,23,0.0170724
2,2018,23,0.0149263
2,2019,23,0.0155041
2,2020,23,0.0169243
2,2021,23,0.0185313
2,2022,23,0.0194352
2,2023,23,0.0188211
1,1995,24,0.0681845
1,1996,24,0.0667043
1,1997,24,0.0695227
1,1998,24,0.0704139
1,1999,24,0.0689309
1,2000,24,0.0621803
1,2001,24,0.0601984
1,2002,24,0.0576546
1,2003,24,0.0531619
1,2004,24,0.049359
1,2005,24,0.0411569
1,2006,24,0.0378726
1,2007,24,0.0346547
1,2008,24,0.0332666
1,2009,24,0.0298645
1,2010,24,0.0270443
1,2011,24,0.0237723
1,2012,24,0.0222704
1,2013,24,0.01927
1,2014,24,0.0168182
1,2015,24,0.0147147
1,2016,24,0.01347
1,2017,24,0.0127935
1,2018,24,0.0132831
1,2019,24,0.011639
1,2020,24,0.0117165
1,2021,24,0.0132191
1,2022,24,0.0142561
1,2023,24,0.015026
2,1995,24,0.06854
2,1996,24,0.0670794
2,1997,24,0.0698826
2,1998,24,0.0707638
2,1999,24,0.0692868
2,2000,24,0.0625714
2,2001,24,0.0606048
2,2002,24,0.0580754
2,2003,24,0.0536051
2,2004,24,0.0498178
2,2005,24,0.0416278
2,2006,24,0.0383422
2,2007,24,0.0351186
2,2008,24,0.0337202
2,2009,24,0.0302947
2,2010,24,0.0274442
2,2011,24,0.0241288
2,2012,24,0.0225774
2,2013,24,0.0195208
2,2014,24,0.0170107
2,2015,24,0.014862
2,2016,24,0.0135803
2,2017,24,0.0128741
2,2018,24,0.0133358
2,2019,24,0.011664
2,2020,24,0.011729
2,2021,24,0.0132188
2,2022,24,0.0142452
2,2023,24,0.0149997
1,1995,25,0.210353
1,1996,25,0.205946
1,1997,25,0.214483
1,1998,25,0.217091
1,1999,25,0.212549
1,2000,25,0.192113
1,2001,25,0.186206
1,2002,25,0.178626
1,2003,25,0.165175
1,2004,25,0.153884
1,2005,25,0.129133
1,2006,25,0.119505
1,2007,25,0.110155
1,2008,25,0.10659
1,2009,25,0.0967599
1,2010,25,0.0888018
1,2011,25,0.079349
1,2012,25,0.0756608
1,2013,25,0.0669269
1,2014,25,0.0613779
1,2015,25,0.0547889
1,2016,25,0.0505011
1,2017,25,0.047255
1,2018,25,0.0469159
1,2019,25,0.0470614
1,2020,25,0.0444344
1,2021,25,0.0438788
1,2022,25,0.0439278
1,2023,25,0.0449218
2,1995,25,0.212729
2,1996,25,0.208351
2,1997,25,0.216896
2,1998,25,0.21949
2,1999,25,0.214936
2,2000,25,0.194473
2,2001,25,0.188571
2,2002,25,0.180985
2,2003,25,0.167516
2,2004,25,0.156204
2,2005,25,0.131343
2,2006,25,0.121664
2,2007,25,0.112263
2,2008,25,0.10868
2,2009,25,0.0987663
2,2010,25,0.0907278
2,2011,25,0.0811524
2,2012,25,0.0773789
2,2013,25,0.0684864
2,2014,25,0.0627962
2,2015,25,0.0560424
2,2016,25,0.0516124
2,2017,25,0.0482357
2,2018,25,0.0477878
2,2019,25,0.0478292
2,2020,25,0.0450904
2,2021,25,0.0444444
2,2022,25,0.0444178
2,2023,25,0.0453376
